Workbook

Sheet Dashboard
A1: Claude Equity Bot — Performance Dashboard
A2: Auto-updates as you fill in Price +5d/+10d/+20d on the Signals tab
A4: SIGNAL DISTRIBUTION
A5: Total Signals | B5: =COUNTA(Signals!B5:B2000)
A6: BUY Signals | B6: =COUNTIF(Signals!D5:D2000,"BUY")
A7: SELL Signals | B7: =COUNTIF(Signals!D5:D2000,"SELL")
A8: HOLD Signals | B8: =COUNTIF(Signals!D5:D2000,"HOLD")
A9: % HOLD | B9: =COUNTIF(Signals!D5:D2000,"HOLD")/COUNTA(Signals!D5:D2000)
A11: CONFIDENCE STATS
A12: Average Confidence | B12: =AVERAGE(Signals!E5:E2000)
A13: Median Confidence | B13: =MEDIAN(Signals!E5:E2000)
A14: Highest Confidence | B14: =MAX(Signals!E5:E2000)
A15: Lowest Confidence | B15: =MIN(Signals!E5:E2000)
A16: # Signals ≥ 70% (actionable) | B16: =COUNTIF(Signals!E5:E2000,">=0.7")
A17: # Signals ≥ 60% (better than coin toss) | B17: =COUNTIF(Signals!E5:E2000,">=0.6")
A18: # Signals < 45% (weak) | B18: =COUNTIF(Signals!E5:E2000,"<0.45")
A19: # Signals < 40% (very weak) | B19: =COUNTIF(Signals!E5:E2000,"<0.40")
A22: DATA QUALITY DISTRIBUTION
A23: Quality | B23: Count | C23: % of Total
A24: HIGH | B24: =COUNTIF(Signals!F5:F2000,"HIGH") | C24: =B24/SUM(B24:B26)
A25: MEDIUM | B25: =COUNTIF(Signals!F5:F2000,"MEDIUM") | C25: =B25/SUM(B24:B26)
A26: LOW | B26: =COUNTIF(Signals!F5:F2000,"LOW") | C26: =B26/SUM(B24:B26)
A29: ACCURACY BY CONFIDENCE BAND (5-Day Horizon)
A30: Updates as you fill in 5-day prices. Bands compare 'was claude right' vs total signals in each band.
A31: Confidence Band | B31: Total Signals | C31: YES (Right) | D31: NO (Wrong) | E31: Hit Rate
A32: 0-39% | B32: =COUNTIFS(Signals!E5:E2000,"<0.4",Signals!E5:E2000,"<0.4") | C32: =COUNTIFS(Signals!E5:E2000,"<0.4",Signals!E5:E2000,"<0.4",Signals!N5:N2000,"YES") | D32: =COUNTIFS(Signals!E5:E2000,"<0.4",Signals!E5:E2000,"<0.4",Signals!N5:N2000,"NO") | E32: =IFERROR(C32/(C32+D32),"-")
A33: 40-49% | B33: =COUNTIFS(Signals!E5:E2000,">=0.4",Signals!E5:E2000,"<0.5") | C33: =COUNTIFS(Signals!E5:E2000,">=0.4",Signals!E5:E2000,"<0.5",Signals!N5:N2000,"YES") | D33: =COUNTIFS(Signals!E5:E2000,">=0.4",Signals!E5:E2000,"<0.5",Signals!N5:N2000,"NO") | E33: =IFERROR(C33/(C33+D33),"-")
A34: 50-59% | B34: =COUNTIFS(Signals!E5:E2000,">=0.5",Signals!E5:E2000,"<0.6") | C34: =COUNTIFS(Signals!E5:E2000,">=0.5",Signals!E5:E2000,"<0.6",Signals!N5:N2000,"YES") | D34: =COUNTIFS(Signals!E5:E2000,">=0.5",Signals!E5:E2000,"<0.6",Signals!N5:N2000,"NO") | E34: =IFERROR(C34/(C34+D34),"-")
A35: 60-69% | B35: =COUNTIFS(Signals!E5:E2000,">=0.6",Signals!E5:E2000,"<0.7") | C35: =COUNTIFS(Signals!E5:E2000,">=0.6",Signals!E5:E2000,"<0.7",Signals!N5:N2000,"YES") | D35: =COUNTIFS(Signals!E5:E2000,">=0.6",Signals!E5:E2000,"<0.7",Signals!N5:N2000,"NO") | E35: =IFERROR(C35/(C35+D35),"-")
A36: 70-79% | B36: =COUNTIFS(Signals!E5:E2000,">=0.7",Signals!E5:E2000,"<0.8") | C36: =COUNTIFS(Signals!E5:E2000,">=0.7",Signals!E5:E2000,"<0.8",Signals!N5:N2000,"YES") | D36: =COUNTIFS(Signals!E5:E2000,">=0.7",Signals!E5:E2000,"<0.8",Signals!N5:N2000,"NO") | E36: =IFERROR(C36/(C36+D36),"-")
A37: 80-100% | B37: =COUNTIFS(Signals!E5:E2000,">=0.8",Signals!E5:E2000,"<=1") | C37: =COUNTIFS(Signals!E5:E2000,">=0.8",Signals!E5:E2000,"<=1",Signals!N5:N2000,"YES") | D37: =COUNTIFS(Signals!E5:E2000,">=0.8",Signals!E5:E2000,"<=1",Signals!N5:N2000,"NO") | E37: =IFERROR(C37/(C37+D37),"-")
A40: ACCURACY BY DATA QUALITY (5-Day Horizon)
A41: Data Quality | B41: Total | C41: YES | D41: NO | E41: Hit Rate
A42: HIGH | B42: =COUNTIF(Signals!F5:F2000,"HIGH") | C42: =COUNTIFS(Signals!F5:F2000,"HIGH",Signals!N5:N2000,"YES") | D42: =COUNTIFS(Signals!F5:F2000,"HIGH",Signals!N5:N2000,"NO") | E42: =IFERROR(C42/(C42+D42),"-")
A43: MEDIUM | B43: =COUNTIF(Signals!F5:F2000,"MEDIUM") | C43: =COUNTIFS(Signals!F5:F2000,"MEDIUM",Signals!N5:N2000,"YES") | D43: =COUNTIFS(Signals!F5:F2000,"MEDIUM",Signals!N5:N2000,"NO") | E43: =IFERROR(C43/(C43+D43),"-")
A44: LOW | B44: =COUNTIF(Signals!F5:F2000,"LOW") | C44: =COUNTIFS(Signals!F5:F2000,"LOW",Signals!N5:N2000,"YES") | D44: =COUNTIFS(Signals!F5:F2000,"LOW",Signals!N5:N2000,"NO") | E44: =IFERROR(C44/(C44+D44),"-")
A47: FILL-IN PROGRESS
A48: Tracks how much outcome data has been entered. Update Price +5d/+10d/+20d on Signals tab.
A49: Total Signals | B49: =COUNTA(Signals!B5:B2000)
A50: Filled-in 5-Day Prices | B50: =COUNT(Signals!H5:H2000)
A51: % Complete (5-Day) | B51: =B50/B49
A52: Avg Return 5-Day | B52: =IFERROR(AVERAGE(Signals!K5:K2000),"-")
A53: Avg Return 10-Day | B53: =IFERROR(AVERAGE(Signals!L5:L2000),"-")
A54: Avg Return 20-Day | B54: =IFERROR(AVERAGE(Signals!M5:M2000),"-")

Sheet Signals
A1: Claude Equity Bot — Signal Outcome Tracker
A2: Yellow cells = fill in manually as time passes | Gray cells = auto-calculated | Formulas update as you enter prices
A4: Date | B4: Ticker | C4: Account | D4: Signal | E4: Conf % | F4: Data Quality | G4: Price at Signal | H4: Price +5d | I4: Price +10d | J4: Price +20d | K4: Return +5d | L4: Return +10d | M4: Return +20d | N4: Was Claude Right? (5d) | O4: Notes / Outcome
A5: 46160 | B5: WMT | C5: Roth IRA,Individual | D5: HOLD | E5: 0.62 | F5: MEDIUM | G5: 133.31 | H5: 118.57 | I5: 113.06 | J5: 121.03 | K5: =IF(H5="","",(H5-G5)/G5) | L5: =IF(I5="","",(I5-G5)/G5) | M5: =IF(J5="","",(J5-G5)/G5) | N5: =IF(H5="","",IF(D5="HOLD",IF(ABS(K5)<0.03,"YES","NO"),IF(D5="BUY",IF(K5>0,"YES","NO"),IF(D5="SELL",IF(K5<0,"YES","NO"),""))))
A6: 46160 | B6: NTR | C6: Roth IRA | D6: HOLD | E6: 0.58 | F6: MEDIUM | G6: 71.78 | H6: 69.94 | I6: 68.5 | J6: 65.48 | K6: =IF(H6="","",(H6-G6)/G6) | L6: =IF(I6="","",(I6-G6)/G6) | M6: =IF(J6="","",(J6-G6)/G6) | N6: =IF(H6="","",IF(D6="HOLD",IF(ABS(K6)<0.03,"YES","NO"),IF(D6="BUY",IF(K6>0,"YES","NO"),IF(D6="SELL",IF(K6<0,"YES","NO"),""))))
A7: 46160 | B7: MSFT | C7: Roth IRA,Individual | D7: HOLD | E7: 0.52 | F7: MEDIUM | G7: 423.03 | H7: 416.03 | I7: 441.31 | J7: 393.83 | K7: =IF(H7="","",(H7-G7)/G7) | L7: =IF(I7="","",(I7-G7)/G7) | M7: =IF(J7="","",(J7-G7)/G7) | N7: =IF(H7="","",IF(D7="HOLD",IF(ABS(K7)<0.03,"YES","NO"),IF(D7="BUY",IF(K7>0,"YES","NO"),IF(D7="SELL",IF(K7<0,"YES","NO"),""))))
A8: 46160 | B8: NKE | C8: Roth IRA | D8: HOLD | E8: 0.45 | F8: MEDIUM | G8: 42.51 | H8: 44.94 | I8: 43.73 | J8: 45.04 | K8: =IF(H8="","",(H8-G8)/G8) | L8: =IF(I8="","",(I8-G8)/G8) | M8: =IF(J8="","",(J8-G8)/G8) | N8: =IF(H8="","",IF(D8="HOLD",IF(ABS(K8)<0.03,"YES","NO"),IF(D8="BUY",IF(K8>0,"YES","NO"),IF(D8="SELL",IF(K8<0,"YES","NO"),""))))
A9: 46160 | B9: SCHD | C9: Roth IRA | D9: HOLD | E9: 0.65 | F9: MEDIUM | G9: 32.04 | H9: 32.67 | I9: 32.37 | J9: 32.53 | K9: =IF(H9="","",(H9-G9)/G9) | L9: =IF(I9="","",(I9-G9)/G9) | M9: =IF(J9="","",(J9-G9)/G9) | N9: =IF(H9="","",IF(D9="HOLD",IF(ABS(K9)<0.03,"YES","NO"),IF(D9="BUY",IF(K9>0,"YES","NO"),IF(D9="SELL",IF(K9<0,"YES","NO"),""))))
A10: 46160 | B10: AAPL | C10: Roth IRA | D10: HOLD | E10: 0.52 | F10: MEDIUM | G10: 297.71 | H10: 308.33 | I10: 315.2 | J10: 299.24 | K10: =IF(H10="","",(H10-G10)/G10) | L10: =IF(I10="","",(I10-G10)/G10) | M10: =IF(J10="","",(J10-G10)/G10) | N10: =IF(H10="","",IF(D10="HOLD",IF(ABS(K10)<0.03,"YES","NO"),IF(D10="BUY",IF(K10>0,"YES","NO"),IF(D10="SELL",IF(K10<0,"YES","NO"),""))))
A11: 46160 | B11: DOW | C11: Roth IRA,Individual | D11: HOLD | E11: 0.52 | F11: MEDIUM | G11: 38.6 | H11: 35.28 | I11: 34.72 | J11: 32.96 | K11: =IF(H11="","",(H11-G11)/G11) | L11: =IF(I11="","",(I11-G11)/G11) | M11: =IF(J11="","",(J11-G11)/G11) | N11: =IF(H11="","",IF(D11="HOLD",IF(ABS(K11)<0.03,"YES","NO"),IF(D11="BUY",IF(K11>0,"YES","NO"),IF(D11="SELL",IF(K11<0,"YES","NO"),""))))
A12: 46160 | B12: AIQ | C12: Roth IRA,Individual | D12: HOLD | E12: 0.55 | F12: MEDIUM | G12: 60.73 | H12: 65.2 | I12: 70.14 | J12: 64.64 | K12: =IF(H12="","",(H12-G12)/G12) | L12: =IF(I12="","",(I12-G12)/G12) | M12: =IF(J12="","",(J12-G12)/G12) | N12: =IF(H12="","",IF(D12="HOLD",IF(ABS(K12)<0.03,"YES","NO"),IF(D12="BUY",IF(K12>0,"YES","NO"),IF(D12="SELL",IF(K12<0,"YES","NO"),""))))
A13: 46160 | B13: JPM | C13: Roth IRA | D13: HOLD | E13: 0.52 | F13: MEDIUM | G13: 300.97 | H13: 306.74 | I13: 300.96 | J13: 331.14 | K13: =IF(H13="","",(H13-G13)/G13) | L13: =IF(I13="","",(I13-G13)/G13) | M13: =IF(J13="","",(J13-G13)/G13) | N13: =IF(H13="","",IF(D13="HOLD",IF(ABS(K13)<0.03,"YES","NO"),IF(D13="BUY",IF(K13>0,"YES","NO"),IF(D13="SELL",IF(K13<0,"YES","NO"),""))))
A14: 46160 | B14: GM | C14: Roth IRA,Individual | D14: HOLD | E14: 0.42 | F14: MEDIUM | G14: 73.11 | H14: 79.79 | I14: 81.73 | J14: 82.51 | K14: =IF(H14="","",(H14-G14)/G14) | L14: =IF(I14="","",(I14-G14)/G14) | M14: =IF(J14="","",(J14-G14)/G14) | N14: =IF(H14="","",IF(D14="HOLD",IF(ABS(K14)<0.03,"YES","NO"),IF(D14="BUY",IF(K14>0,"YES","NO"),IF(D14="SELL",IF(K14<0,"YES","NO"),""))))
A15: 46160 | B15: PWR | C15: Roth IRA | D15: HOLD | E15: 0.55 | F15: MEDIUM | G15: 722.69 | H15: 742.18 | I15: 706.06 | J15: 719.29 | K15: =IF(H15="","",(H15-G15)/G15) | L15: =IF(I15="","",(I15-G15)/G15) | M15: =IF(J15="","",(J15-G15)/G15) | N15: =IF(H15="","",IF(D15="HOLD",IF(ABS(K15)<0.03,"YES","NO"),IF(D15="BUY",IF(K15>0,"YES","NO"),IF(D15="SELL",IF(K15<0,"YES","NO"),""))))
A16: 46160 | B16: XLU | C16: Roth IRA | D16: HOLD | E16: 0.52 | F16: MEDIUM | G16: 43.92 | H16: 45.33 | I16: 43.9 | J16: 45.06 | K16: =IF(H16="","",(H16-G16)/G16) | L16: =IF(I16="","",(I16-G16)/G16) | M16: =IF(J16="","",(J16-G16)/G16) | N16: =IF(H16="","",IF(D16="HOLD",IF(ABS(K16)<0.03,"YES","NO"),IF(D16="BUY",IF(K16>0,"YES","NO"),IF(D16="SELL",IF(K16<0,"YES","NO"),""))))
... A50: 46161 | B50: VTI | C50: Scout | D50: HOLD | E50: 0.52 | F50: MEDIUM | G50: 359.51 | H50: 369.36 | I50: 371.65 | J50: 365.76 | K50: =IF(H50="","",(H50-G50)/G50) | L50: =IF(I50="","",(I50-G50)/G50) | M50: =IF(J50="","",(J50-G50)/G50) | N50: =IF(H50="","",IF(D50="HOLD",IF(ABS(K50)<0.03,"YES","NO"),IF(D50="BUY",IF(K50>0,"YES","NO"),IF(D50="SELL",IF(K50<0,"YES","NO"),""))))
A51: 46161 | B51: NVDA | C51: Scout | D51: BUY | E51: 0.62 | F51: MEDIUM | G51: 220.58 | H51: 212.6 | I51: 214.75 | J51: 204.65 | K51: =IF(H51="","",(H51-G51)/G51) | L51: =IF(I51="","",(I51-G51)/G51) | M51: =IF(J51="","",(J51-G51)/G51) | N51: =IF(H51="","",IF(D51="HOLD",IF(ABS(K51)<0.03,"YES","NO"),IF(D51="BUY",IF(K51>0,"YES","NO"),IF(D51="SELL",IF(K51<0,"YES","NO"),"")))) | O51: First BUY signal. Rejected: 62% < 70% threshold
A52: 46161 | B52: GLD | C52: Scout | D52: HOLD | E52: 0.42 | F52: MEDIUM | G52: 412.56 | H52: 404.49 | I52: 407.87 | J52: 388.6 | K52: =IF(H52="","",(H52-G52)/G52) | L52: =IF(I52="","",(I52-G52)/G52) | M52: =IF(J52="","",(J52-G52)/G52) | N52: =IF(H52="","",IF(D52="HOLD",IF(ABS(K52)<0.03,"YES","NO"),IF(D52="BUY",IF(K52>0,"YES","NO"),IF(D52="SELL",IF(K52<0,"YES","NO"),""))))
A53: 46162 | B53: AAPL | C53: Roth IRA | D53: HOLD | E53: 0.52 | F53: MEDIUM | G53: 299.43 | H53: 312.51 | I53: 311.23 | J53: 298.01 | K53: =IF(H53="","",(H53-G53)/G53) | L53: =IF(I53="","",(I53-G53)/G53) | M53: =IF(J53="","",(J53-G53)/G53) | N53: =IF(H53="","",IF(D53="HOLD",IF(ABS(K53)<0.03,"YES","NO"),IF(D53="BUY",IF(K53>0,"YES","NO"),IF(D53="SELL",IF(K53<0,"YES","NO"),""))))
A54: 46162 | B54: AG | C54: Individual | D54: HOLD | E54: 0.45 | F54: MEDIUM | G54: 19.69 | H54: 20.58 | I54: 19.77 | J54: 18 | K54: =IF(H54="","",(H54-G54)/G54) | L54: =IF(I54="","",(I54-G54)/G54) | M54: =IF(J54="","",(J54-G54)/G54) | N54: =IF(H54="","",IF(D54="HOLD",IF(ABS(K54)<0.03,"YES","NO"),IF(D54="BUY",IF(K54>0,"YES","NO"),IF(D54="SELL",IF(K54<0,"YES","NO"),""))))
A55: 46162 | B55: AIQ | C55: Roth IRA,Individual | D55: HOLD | E55: 0.45 | F55: MEDIUM | G55: 61.25 | H55: 66.34 | I55: 68.07 | J55: 66.8 | K55: =IF(H55="","",(H55-G55)/G55) | L55: =IF(I55="","",(I55-G55)/G55) | M55: =IF(J55="","",(J55-G55)/G55) | N55: =IF(H55="","",IF(D55="HOLD",IF(ABS(K55)<0.03,"YES","NO"),IF(D55="BUY",IF(K55>0,"YES","NO"),IF(D55="SELL",IF(K55<0,"YES","NO"),""))))
A56: 46162 | B56: CBRS | C56: Individual | D56: HOLD | E56: 0.42 | F56: LOW | G56: 322.42 | H56: 242.59 | I56: 215.4 | J56: 234.71 | K56: =IF(H56="","",(H56-G56)/G56) | L56: =IF(I56="","",(I56-G56)/G56) | M56: =IF(J56="","",(J56-G56)/G56) | N56: =IF(H56="","",IF(D56="HOLD",IF(ABS(K56)<0.03,"YES","NO"),IF(D56="BUY",IF(K56>0,"YES","NO"),IF(D56="SELL",IF(K56<0,"YES","NO"),""))))
A57: 46162 | B57: CORN | C57: Individual | D57: HOLD | E57: 0.42 | F57: LOW | G57: 18.5 | H57: 18.21 | I57: 17.23 | J57: 16.95 | K57: =IF(H57="","",(H57-G57)/G57) | L57: =IF(I57="","",(I57-G57)/G57) | M57: =IF(J57="","",(J57-G57)/G57) | N57: =IF(H57="","",IF(D57="HOLD",IF(ABS(K57)<0.03,"YES","NO"),IF(D57="BUY",IF(K57>0,"YES","NO"),IF(D57="SELL",IF(K57<0,"YES","NO"),""))))
A58: 46162 | B58: DOW | C58: Roth IRA,Individual | D58: HOLD | E58: 0.42 | F58: MEDIUM | G58: 36.85 | H58: 34.77 | I58: 34.79 | J58: 31.73 | K58: =IF(H58="","",(H58-G58)/G58) | L58: =IF(I58="","",(I58-G58)/G58) | M58: =IF(J58="","",(J58-G58)/G58) | N58: =IF(H58="","",IF(D58="HOLD",IF(ABS(K58)<0.03,"YES","NO"),IF(D58="BUY",IF(K58>0,"YES","NO"),IF(D58="SELL",IF(K58<0,"YES","NO"),""))))
A59: 46162 | B59: FTI | C59: Individual | D59: HOLD | E59: 0.55 | F59: MEDIUM | G59: 73.93 | H59: 67.7 | I59: 69.01 | J59: 65.17 | K59: =IF(H59="","",(H59-G59)/G59) | L59: =IF(I59="","",(I59-G59)/G59) | M59: =IF(J59="","",(J59-G59)/G59) | N59: =IF(H59="","",IF(D59="HOLD",IF(ABS(K59)<0.03,"YES","NO"),IF(D59="BUY",IF(K59>0,"YES","NO"),IF(D59="SELL",IF(K59<0,"YES","NO"),""))))
A60: 46162 | B60: GM | C60: Roth IRA,Individual | D60: HOLD | E60: 0.45 | F60: MEDIUM | G60: 74.48 | H60: 84.35 | I60: 83.22 | J60: 79.29 | K60: =IF(H60="","",(H60-G60)/G60) | L60: =IF(I60="","",(I60-G60)/G60) | M60: =IF(J60="","",(J60-G60)/G60) | N60: =IF(H60="","",IF(D60="HOLD",IF(ABS(K60)<0.03,"YES","NO"),IF(D60="BUY",IF(K60>0,"YES","NO"),IF(D60="SELL",IF(K60<0,"YES","NO"),""))))
A61: 46162 | B61: JPM | C61: Roth IRA | D61: HOLD | E61: 0.52 | F61: MEDIUM | G61: 299.5 | H61: 296.73 | I61: 310.89 | J61: 325.22 | K61: =IF(H61="","",(H61-G61)/G61) | L61: =IF(I61="","",(I61-G61)/G61) | M61: =IF(J61="","",(J61-G61)/G61) | N61: =IF(H61="","",IF(D61="HOLD",IF(ABS(K61)<0.03,"YES","NO"),IF(D61="BUY",IF(K61>0,"YES","NO"),IF(D61="SELL",IF(K61<0,"YES","NO"),""))))
A62: 46162 | B62: MSFT | C62: Roth IRA,Individual | D62: HOLD | E62: 0.52 | F62: MEDIUM | G62: 414.49 | H62: 426.99 | I62: 428.05 | J62: 379.4 | K62: =IF(H62="","",(H62-G62)/G62) | L62: =IF(I62="","",(I62-G62)/G62) | M62: =IF(J62="","",(J62-G62)/G62) | N62: =IF(H62="","",IF(D62="HOLD",IF(ABS(K62)<0.03,"YES","NO"),IF(D62="BUY",IF(K62>0,"YES","NO"),IF(D62="SELL",IF(K62<0,"YES","NO"),""))))
A63: 46162 | B63: NKE | C63: Roth IRA | D63: HOLD | E63: 0.48 | F63: MEDIUM | G63: 43.08 | H63: 47.37 | I63: 43.62 | J63: 45.2 | K63: =IF(H63="","",(H63-G63)/G63) | L63: =IF(I63="","",(I63-G63)/G63) | M63: =IF(J63="","",(J63-G63)/G63) | N63: =IF(H63="","",IF(D63="HOLD",IF(ABS(K63)<0.03,"YES","NO"),IF(D63="BUY",IF(K63>0,"YES","NO"),IF(D63="SELL",IF(K63<0,"YES","NO"),""))))
... A124: 46164 | B124: GLD | C124: Scout | D124: HOLD | E124: 0.45 | F124: MEDIUM | G124: 413.07 | H124: 411.26 | I124: 397.27 | J124: 377.32 | K124: =IF(H124="","",(H124-G124)/G124) | L124: =IF(I124="","",(I124-G124)/G124) | M124: =IF(J124="","",(J124-G124)/G124) | N124: =IF(H124="","",IF(D124="HOLD",IF(ABS(K124)<0.03,"YES","NO"),IF(D124="BUY",IF(K124>0,"YES","NO"),IF(D124="SELL",IF(K124<0,"YES","NO"),""))))
A125: 46168 | B125: AAPL | C125: Roth IRA | D125: HOLD | E125: 0.55 | F125: MEDIUM | G125: 311.185 | H125: 315.2 | I125: 290.55 | K125: =IF(H125="","",(H125-G125)/G125) | L125: =IF(I125="","",(I125-G125)/G125) | M125: =IF(J125="","",(J125-G125)/G125) | N125: =IF(H125="","",IF(D125="HOLD",IF(ABS(K125)<0.03,"YES","NO"),IF(D125="BUY",IF(K125>0,"YES","NO"),IF(D125="SELL",IF(K125<0,"YES","NO"),""))))
A126: 46168 | B126: AG | C126: Individual | D126: HOLD | E126: 0.45 | F126: MEDIUM | G126: 19.8403 | H126: 20.99 | I126: 16.54 | K126: =IF(H126="","",(H126-G126)/G126) | L126: =IF(I126="","",(I126-G126)/G126) | M126: =IF(J126="","",(J126-G126)/G126) | N126: =IF(H126="","",IF(D126="HOLD",IF(ABS(K126)<0.03,"YES","NO"),IF(D126="BUY",IF(K126>0,"YES","NO"),IF(D126="SELL",IF(K126<0,"YES","NO"),""))))
A127: 46168 | B127: AIQ | C127: Roth IRA,Individual | D127: HOLD | E127: 0.55 | F127: MEDIUM | G127: 65.05 | H127: 70.14 | I127: 63.16 | K127: =IF(H127="","",(H127-G127)/G127) | L127: =IF(I127="","",(I127-G127)/G127) | M127: =IF(J127="","",(J127-G127)/G127) | N127: =IF(H127="","",IF(D127="HOLD",IF(ABS(K127)<0.03,"YES","NO"),IF(D127="BUY",IF(K127>0,"YES","NO"),IF(D127="SELL",IF(K127<0,"YES","NO"),""))))
A128: 46168 | B128: CBRS | C128: Individual | D128: HOLD | E128: 0.42 | F128: MEDIUM | G128: 240.27 | H128: 236.52 | I128: 226.81 | K128: =IF(H128="","",(H128-G128)/G128) | L128: =IF(I128="","",(I128-G128)/G128) | M128: =IF(J128="","",(J128-G128)/G128) | N128: =IF(H128="","",IF(D128="HOLD",IF(ABS(K128)<0.03,"YES","NO"),IF(D128="BUY",IF(K128>0,"YES","NO"),IF(D128="SELL",IF(K128<0,"YES","NO"),""))))
A129: 46168 | B129: CORN | C129: Individual | D129: HOLD | E129: 0.45 | F129: MEDIUM | G129: 18.21 | H129: 17.71 | I129: 17.04 | K129: =IF(H129="","",(H129-G129)/G129) | L129: =IF(I129="","",(I129-G129)/G129) | M129: =IF(J129="","",(J129-G129)/G129) | N129: =IF(H129="","",IF(D129="HOLD",IF(ABS(K129)<0.03,"YES","NO"),IF(D129="BUY",IF(K129>0,"YES","NO"),IF(D129="SELL",IF(K129<0,"YES","NO"),""))))
A130: 46168 | B130: DOW | C130: Roth IRA,Individual | D130: HOLD | E130: 0.42 | F130: MEDIUM | G130: 35.43 | H130: 34.72 | I130: 33.22 | K130: =IF(H130="","",(H130-G130)/G130) | L130: =IF(I130="","",(I130-G130)/G130) | M130: =IF(J130="","",(J130-G130)/G130) | N130: =IF(H130="","",IF(D130="HOLD",IF(ABS(K130)<0.03,"YES","NO"),IF(D130="BUY",IF(K130>0,"YES","NO"),IF(D130="SELL",IF(K130<0,"YES","NO"),""))))
A131: 46168 | B131: FTI | C131: Individual | D131: HOLD | E131: 0.55 | F131: MEDIUM | G131: 71.71 | H131: 69.45 | I131: 68.39 | K131: =IF(H131="","",(H131-G131)/G131) | L131: =IF(I131="","",(I131-G131)/G131) | M131: =IF(J131="","",(J131-G131)/G131) | N131: =IF(H131="","",IF(D131="HOLD",IF(ABS(K131)<0.03,"YES","NO"),IF(D131="BUY",IF(K131>0,"YES","NO"),IF(D131="SELL",IF(K131<0,"YES","NO"),""))))
A132: 46168 | B132: GM | C132: Roth IRA,Individual | D132: HOLD | E132: 0.52 | F132: HIGH | G132: 79.665 | H132: 81.73 | I132: 83.76 | K132: =IF(H132="","",(H132-G132)/G132) | L132: =IF(I132="","",(I132-G132)/G132) | M132: =IF(J132="","",(J132-G132)/G132) | N132: =IF(H132="","",IF(D132="HOLD",IF(ABS(K132)<0.03,"YES","NO"),IF(D132="BUY",IF(K132>0,"YES","NO"),IF(D132="SELL",IF(K132<0,"YES","NO"),""))))
A133: 46168 | B133: JPM | C133: Roth IRA | D133: HOLD | E133: 0.55 | F133: HIGH | G133: 308.055 | H133: 300.96 | I133: 312.7 | K133: =IF(H133="","",(H133-G133)/G133) | L133: =IF(I133="","",(I133-G133)/G133) | M133: =IF(J133="","",(J133-G133)/G133) | N133: =IF(H133="","",IF(D133="HOLD",IF(ABS(K133)<0.03,"YES","NO"),IF(D133="BUY",IF(K133>0,"YES","NO"),IF(D133="SELL",IF(K133<0,"YES","NO"),""))))
A134: 46168 | B134: MSFT | C134: Roth IRA,Individual | D134: HOLD | E134: 0.52 | F134: MEDIUM | G134: 417.41 | H134: 441.31 | I134: 403.41 | K134: =IF(H134="","",(H134-G134)/G134) | L134: =IF(I134="","",(I134-G134)/G134) | M134: =IF(J134="","",(J134-G134)/G134) | N134: =IF(H134="","",IF(D134="HOLD",IF(ABS(K134)<0.03,"YES","NO"),IF(D134="BUY",IF(K134>0,"YES","NO"),IF(D134="SELL",IF(K134<0,"YES","NO"),""))))
A135: 46168 | B135: NKE | C135: Roth IRA | D135: HOLD | E135: 0.42 | F135: HIGH | G135: 44.7593 | H135: 43.73 | I135: 44.65 | K135: =IF(H135="","",(H135-G135)/G135) | L135: =IF(I135="","",(I135-G135)/G135) | M135: =IF(J135="","",(J135-G135)/G135) | N135: =IF(H135="","",IF(D135="HOLD",IF(ABS(K135)<0.03,"YES","NO"),IF(D135="BUY",IF(K135>0,"YES","NO"),IF(D135="SELL",IF(K135<0,"YES","NO"),""))))
A136: 46168 | B136: NTR | C136: Roth IRA,Individual | D136: HOLD | E136: 0.52 | F136: MEDIUM | G136: 70.04 | H136: 68.5 | I136: 66.35 | K136: =IF(H136="","",(H136-G136)/G136) | L136: =IF(I136="","",(I136-G136)/G136) | M136: =IF(J136="","",(J136-G136)/G136) | N136: =IF(H136="","",IF(D136="HOLD",IF(ABS(K136)<0.03,"YES","NO"),IF(D136="BUY",IF(K136>0,"YES","NO"),IF(D136="SELL",IF(K136<0,"YES","NO"),""))))
... A221: 46174 | B221: AAPL | C221: Roth IRA | D221: HOLD | E221: 0.55 | F221: MEDIUM | G221: 307.74 | H221: 301.54 | I221: 296.42 | K221: =IF(H221="","",(H221-G221)/G221) | L221: =IF(I221="","",(I221-G221)/G221) | M221: =IF(J221="","",(J221-G221)/G221) | N221: =IF(H221="","",IF(D221="HOLD",IF(ABS(K221)<0.03,"YES","NO"),IF(D221="BUY",IF(K221>0,"YES","NO"),IF(D221="SELL",IF(K221<0,"YES","NO"),""))))
A222: 46174 | B222: AG | C222: Individual | G222: 19.91 | H222: 17.17 | I222: 18.9 | K222: =IF(H222="","",(H222-G222)/G222) | L222: =IF(I222="","",(I222-G222)/G222) | M222: =IF(J222="","",(J222-G222)/G222) | N222: =IF(H222="","",IF(D222="HOLD",IF(ABS(K222)<0.03,"YES","NO"),IF(D222="BUY",IF(K222>0,"YES","NO"),IF(D222="SELL",IF(K222<0,"YES","NO"),"")))) | O222: AG skipped 6/1 — Schwab 429 rate limit on quote fetch. No signal recorded. Phase 3 fix: add retry/backoff to quote client. +5d mark unavailable from run. Backfill from Schwab close if doing full cohort.
A223: 46174 | B223: AIQ | C223: Roth IRA,Individual | D223: HOLD | E223: 0.62 | F223: MEDIUM | G223: 68.33 | H223: 64.44 | I223: 66.55 | K223: =IF(H223="","",(H223-G223)/G223) | L223: =IF(I223="","",(I223-G223)/G223) | M223: =IF(J223="","",(J223-G223)/G223) | N223: =IF(H223="","",IF(D223="HOLD",IF(ABS(K223)<0.03,"YES","NO"),IF(D223="BUY",IF(K223>0,"YES","NO"),IF(D223="SELL",IF(K223<0,"YES","NO"),""))))
A224: 46174 | B224: CBRS | C224: Individual | D224: HOLD | E224: 0.38 | F224: MEDIUM | G224: 220.15 | H224: 237.83 | I224: 218.03 | K224: =IF(H224="","",(H224-G224)/G224) | L224: =IF(I224="","",(I224-G224)/G224) | M224: =IF(J224="","",(J224-G224)/G224) | N224: =IF(H224="","",IF(D224="HOLD",IF(ABS(K224)<0.03,"YES","NO"),IF(D224="BUY",IF(K224>0,"YES","NO"),IF(D224="SELL",IF(K224<0,"YES","NO"),""))))
A225: 46174 | B225: CORN | C225: Individual | D225: HOLD | E225: 0.38 | F225: LOW | G225: 17.885 | H225: 17.02 | I225: 16.86 | K225: =IF(H225="","",(H225-G225)/G225) | L225: =IF(I225="","",(I225-G225)/G225) | M225: =IF(J225="","",(J225-G225)/G225) | N225: =IF(H225="","",IF(D225="HOLD",IF(ABS(K225)<0.03,"YES","NO"),IF(D225="BUY",IF(K225>0,"YES","NO"),IF(D225="SELL",IF(K225<0,"YES","NO"),""))))
A226: 46174 | B226: FTI | C226: Individual | G226: 68.11 | H226: 68.75 | I226: 68.51 | K226: =IF(H226="","",(H226-G226)/G226) | L226: =IF(I226="","",(I226-G226)/G226) | M226: =IF(J226="","",(J226-G226)/G226) | N226: =IF(H226="","",IF(D226="HOLD",IF(ABS(K226)<0.03,"YES","NO"),IF(D226="BUY",IF(K226>0,"YES","NO"),IF(D226="SELL",IF(K226<0,"YES","NO"),"")))) | O226: FTI skipped 6/1 — Schwab 429 rate limit on quote fetch. No signal recorded. Phase 3 fix: add retry/backoff to quote client. +5d mark unavailable from run. Backfill from Schwab close if doing full cohort.
A227: 46174 | B227: DOW | C227: Roth IRA,Individual | D227: HOLD | E227: 0.42 | F227: MEDIUM | G227: 34.8 | H227: 34.2 | I227: 33.23 | K227: =IF(H227="","",(H227-G227)/G227) | L227: =IF(I227="","",(I227-G227)/G227) | M227: =IF(J227="","",(J227-G227)/G227) | N227: =IF(H227="","",IF(D227="HOLD",IF(ABS(K227)<0.03,"YES","NO"),IF(D227="BUY",IF(K227>0,"YES","NO"),IF(D227="SELL",IF(K227<0,"YES","NO"),""))))
A228: 46174 | B228: GM | C228: Roth IRA,Individual | D228: HOLD | E228: 0.52 | F228: MEDIUM | G228: 81.86 | H228: 83.77 | I228: 84.07 | K228: =IF(H228="","",(H228-G228)/G228) | L228: =IF(I228="","",(I228-G228)/G228) | M228: =IF(J228="","",(J228-G228)/G228) | N228: =IF(H228="","",IF(D228="HOLD",IF(ABS(K228)<0.03,"YES","NO"),IF(D228="BUY",IF(K228>0,"YES","NO"),IF(D228="SELL",IF(K228<0,"YES","NO"),""))))
A229: 46174 | B229: JPM | C229: Roth IRA | D229: HOLD | E229: 0.55 | F229: MEDIUM | G229: 296.275 | H229: 311.11 | I229: 319.4 | K229: =IF(H229="","",(H229-G229)/G229) | L229: =IF(I229="","",(I229-G229)/G229) | M229: =IF(J229="","",(J229-G229)/G229) | N229: =IF(H229="","",IF(D229="HOLD",IF(ABS(K229)<0.03,"YES","NO"),IF(D229="BUY",IF(K229>0,"YES","NO"),IF(D229="SELL",IF(K229<0,"YES","NO"),""))))
A230: 46174 | B230: MSFT | C230: Roth IRA,Individual | D230: HOLD | E230: 0.62 | F230: HIGH | G230: 460.2 | H230: 411.74 | I230: 399.76 | K230: =IF(H230="","",(H230-G230)/G230) | L230: =IF(I230="","",(I230-G230)/G230) | M230: =IF(J230="","",(J230-G230)/G230) | N230: =IF(H230="","",IF(D230="HOLD",IF(ABS(K230)<0.03,"YES","NO"),IF(D230="BUY",IF(K230>0,"YES","NO"),IF(D230="SELL",IF(K230<0,"YES","NO"),""))))
A231: 46174 | B231: NKE | C231: Roth IRA | D231: HOLD | E231: 0.48 | F231: MEDIUM | G231: 45.735 | H231: 43.23 | I231: 45.2 | K231: =IF(H231="","",(H231-G231)/G231) | L231: =IF(I231="","",(I231-G231)/G231) | M231: =IF(J231="","",(J231-G231)/G231) | N231: =IF(H231="","",IF(D231="HOLD",IF(ABS(K231)<0.03,"YES","NO"),IF(D231="BUY",IF(K231>0,"YES","NO"),IF(D231="SELL",IF(K231<0,"YES","NO"),""))))
A232: 46174 | B232: NTR | C232: Roth IRA,Individual | D232: HOLD | E232: 0.52 | F232: MEDIUM | G232: 68.96 | H232: 67.28 | I232: 66.13 | K232: =IF(H232="","",(H232-G232)/G232) | L232: =IF(I232="","",(I232-G232)/G232) | M232: =IF(J232="","",(J232-G232)/G232) | N232: =IF(H232="","",IF(D232="HOLD",IF(ABS(K232)<0.03,"YES","NO"),IF(D232="BUY",IF(K232>0,"YES","NO"),IF(D232="SELL",IF(K232<0,"YES","NO"),""))))
A233: 46174 | B233: PM | C233: Roth IRA | D233: HOLD | E233: 0.62 | F233: HIGH | G233: 175.09 | H233: 176.06 | I233: 181.81 | K233: =IF(H233="","",(H233-G233)/G233) | L233: =IF(I233="","",(I233-G233)/G233) | M233: =IF(J233="","",(J233-G233)/G233) | N233: =IF(H233="","",IF(D233="HOLD",IF(ABS(K233)<0.03,"YES","NO"),IF(D233="BUY",IF(K233>0,"YES","NO"),IF(D233="SELL",IF(K233<0,"YES","NO"),""))))
A234: 46174 | B234: PWR | C234: Roth IRA | D234: HOLD | E234: 0.62 | F234: HIGH | G234: 692.655 | H234: 693.81 | I234: 724.35 | K234: =IF(H234="","",(H234-G234)/G234) | L234: =IF(I234="","",(I234-G234)/G234) | M234: =IF(J234="","",(J234-G234)/G234) | N234: =IF(H234="","",IF(D234="HOLD",IF(ABS(K234)<0.03,"YES","NO"),IF(D234="BUY",IF(K234>0,"YES","NO"),IF(D234="SELL",IF(K234<0,"YES","NO"),""))))
A235: 46174 | B235: RTX | C235: Individual | D235: HOLD | E235: 0.52 | F235: MEDIUM | G235: 175.12 | H235: 178.66 | I235: 183.64 | K235: =IF(H235="","",(H235-G235)/G235) | L235: =IF(I235="","",(I235-G235)/G235) | M235: =IF(J235="","",(J235-G235)/G235) | N235: =IF(H235="","",IF(D235="HOLD",IF(ABS(K235)<0.03,"YES","NO"),IF(D235="BUY",IF(K235>0,"YES","NO"),IF(D235="SELL",IF(K235<0,"YES","NO"),""))))
A236: 46174 | B236: SCHD | C236: Roth IRA | D236: HOLD | E236: 0.65 | F236: HIGH | G236: 32.255 | H236: 32.29 | I236: 32.63 | K236: =IF(H236="","",(H236-G236)/G236) | L236: =IF(I236="","",(I236-G236)/G236) | M236: =IF(J236="","",(J236-G236)/G236) | N236: =IF(H236="","",IF(D236="HOLD",IF(ABS(K236)<0.03,"YES","NO"),IF(D236="BUY",IF(K236>0,"YES","NO"),IF(D236="SELL",IF(K236<0,"YES","NO"),""))))
A237: 46174 | B237: SND | C237: Individual | D237: HOLD | E237: 0.45 | F237: MEDIUM | G237: 4.59 | H237: 5.82 | I237: 5.02 | K237: =IF(H237="","",(H237-G237)/G237) | L237: =IF(I237="","",(I237-G237)/G237) | M237: =IF(J237="","",(J237-G237)/G237) | N237: =IF(H237="","",IF(D237="HOLD",IF(ABS(K237)<0.03,"YES","NO"),IF(D237="BUY",IF(K237>0,"YES","NO"),IF(D237="SELL",IF(K237<0,"YES","NO"),""))))
A238: 46174 | B238: WMT | C238: Roth IRA,Individual | D238: HOLD | E238: 0.52 | F238: MEDIUM | G238: 114.485 | H238: 119.83 | I238: 120.82 | K238: =IF(H238="","",(H238-G238)/G238) | L238: =IF(I238="","",(I238-G238)/G238) | M238: =IF(J238="","",(J238-G238)/G238) | N238: =IF(H238="","",IF(D238="HOLD",IF(ABS(K238)<0.03,"YES","NO"),IF(D238="BUY",IF(K238>0,"YES","NO"),IF(D238="SELL",IF(K238<0,"YES","NO"),""))))
... A359: 46181 | B359: GLD | C359: Scout | D359: HOLD | E359: 0.52 | F359: MEDIUM | G359: 396.23 | H359: 396.55 | I359: 377.32 | K359: =IF(H359="","",(H359-G359)/G359) | L359: =IF(I359="","",(I359-G359)/G359) | M359: =IF(J359="","",(J359-G359)/G359) | N359: =IF(H359="","",IF(D359="HOLD",IF(ABS(K359)<0.03,"YES","NO"),IF(D359="BUY",IF(K359>0,"YES","NO"),IF(D359="SELL",IF(K359<0,"YES","NO"),""))))
A360: 46182 | B360: AAPL | C360: Roth IRA | D360: HOLD | E360: 0.52 | F360: MEDIUM | G360: 292.285 | H360: 299.24 | K360: =IF(H360="","",(H360-G360)/G360) | L360: =IF(I360="","",(I360-G360)/G360) | M360: =IF(J360="","",(J360-G360)/G360) | N360: =IF(H360="","",IF(D360="HOLD",IF(ABS(K360)<0.03,"YES","NO"),IF(D360="BUY",IF(K360>0,"YES","NO"),IF(D360="SELL",IF(K360<0,"YES","NO"),""))))
A361: 46182 | B361: AG | C361: Individual | D361: HOLD | E361: 0.42 | F361: MEDIUM | G361: 16.92 | H361: 19.42 | K361: =IF(H361="","",(H361-G361)/G361) | L361: =IF(I361="","",(I361-G361)/G361) | M361: =IF(J361="","",(J361-G361)/G361) | N361: =IF(H361="","",IF(D361="HOLD",IF(ABS(K361)<0.03,"YES","NO"),IF(D361="BUY",IF(K361>0,"YES","NO"),IF(D361="SELL",IF(K361<0,"YES","NO"),""))))
A362: 46182 | B362: AIQ | C362: Roth IRA,Individual | D362: HOLD | E362: 0.52 | F362: MEDIUM | G362: 64.14 | H362: 64.64 | K362: =IF(H362="","",(H362-G362)/G362) | L362: =IF(I362="","",(I362-G362)/G362) | M362: =IF(J362="","",(J362-G362)/G362) | N362: =IF(H362="","",IF(D362="HOLD",IF(ABS(K362)<0.03,"YES","NO"),IF(D362="BUY",IF(K362>0,"YES","NO"),IF(D362="SELL",IF(K362<0,"YES","NO"),""))))
A363: 46182 | B363: CBRS | C363: Individual | D363: HOLD | E363: 0.38 | F363: LOW | G363: 229.115 | H363: 212.45 | K363: =IF(H363="","",(H363-G363)/G363) | L363: =IF(I363="","",(I363-G363)/G363) | M363: =IF(J363="","",(J363-G363)/G363) | N363: =IF(H363="","",IF(D363="HOLD",IF(ABS(K363)<0.03,"YES","NO"),IF(D363="BUY",IF(K363>0,"YES","NO"),IF(D363="SELL",IF(K363<0,"YES","NO"),""))))
A364: 46182 | B364: CORN | C364: Individual | D364: HOLD | E364: 0.38 | F364: LOW | G364: 17.17 | H364: 16.93 | K364: =IF(H364="","",(H364-G364)/G364) | L364: =IF(I364="","",(I364-G364)/G364) | M364: =IF(J364="","",(J364-G364)/G364) | N364: =IF(H364="","",IF(D364="HOLD",IF(ABS(K364)<0.03,"YES","NO"),IF(D364="BUY",IF(K364>0,"YES","NO"),IF(D364="SELL",IF(K364<0,"YES","NO"),""))))
A365: 46182 | B365: DOW | C365: Roth IRA,Individual | D365: HOLD | E365: 0.38 | F365: MEDIUM | G365: 33.055 | H365: 32.96 | K365: =IF(H365="","",(H365-G365)/G365) | L365: =IF(I365="","",(I365-G365)/G365) | M365: =IF(J365="","",(J365-G365)/G365) | N365: =IF(H365="","",IF(D365="HOLD",IF(ABS(K365)<0.03,"YES","NO"),IF(D365="BUY",IF(K365>0,"YES","NO"),IF(D365="SELL",IF(K365<0,"YES","NO"),""))))
A366: 46182 | B366: FTI | C366: Individual | D366: HOLD | E366: 0.52 | F366: MEDIUM | G366: 67.83 | H366: 67 | K366: =IF(H366="","",(H366-G366)/G366) | L366: =IF(I366="","",(I366-G366)/G366) | M366: =IF(J366="","",(J366-G366)/G366) | N366: =IF(H366="","",IF(D366="HOLD",IF(ABS(K366)<0.03,"YES","NO"),IF(D366="BUY",IF(K366>0,"YES","NO"),IF(D366="SELL",IF(K366<0,"YES","NO"),""))))
A367: 46182 | B367: GM | C367: Roth IRA,Individual | D367: HOLD | E367: 0.52 | F367: MEDIUM | G367: 83.79 | H367: 82.51 | K367: =IF(H367="","",(H367-G367)/G367) | L367: =IF(I367="","",(I367-G367)/G367) | M367: =IF(J367="","",(J367-G367)/G367) | N367: =IF(H367="","",IF(D367="HOLD",IF(ABS(K367)<0.03,"YES","NO"),IF(D367="BUY",IF(K367>0,"YES","NO"),IF(D367="SELL",IF(K367<0,"YES","NO"),""))))
A368: 46182 | B368: JPM | C368: Roth IRA | D368: HOLD | E368: 0.58 | F368: MEDIUM | G368: 314.97 | H368: 331.14 | K368: =IF(H368="","",(H368-G368)/G368) | L368: =IF(I368="","",(I368-G368)/G368) | M368: =IF(J368="","",(J368-G368)/G368) | N368: =IF(H368="","",IF(D368="HOLD",IF(ABS(K368)<0.03,"YES","NO"),IF(D368="BUY",IF(K368>0,"YES","NO"),IF(D368="SELL",IF(K368<0,"YES","NO"),""))))
A369: 46182 | B369: MSFT | C369: Roth IRA,Individual | D369: HOLD | E369: 0.55 | F369: MEDIUM | G369: 409.61 | H369: 393.83 | K369: =IF(H369="","",(H369-G369)/G369) | L369: =IF(I369="","",(I369-G369)/G369) | M369: =IF(J369="","",(J369-G369)/G369) | N369: =IF(H369="","",IF(D369="HOLD",IF(ABS(K369)<0.03,"YES","NO"),IF(D369="BUY",IF(K369>0,"YES","NO"),IF(D369="SELL",IF(K369<0,"YES","NO"),""))))
A370: 46182 | B370: NKE | C370: Roth IRA | D370: HOLD | E370: 0.45 | F370: MEDIUM | G370: 45.165 | H370: 45.04 | K370: =IF(H370="","",(H370-G370)/G370) | L370: =IF(I370="","",(I370-G370)/G370) | M370: =IF(J370="","",(J370-G370)/G370) | N370: =IF(H370="","",IF(D370="HOLD",IF(ABS(K370)<0.03,"YES","NO"),IF(D370="BUY",IF(K370>0,"YES","NO"),IF(D370="SELL",IF(K370<0,"YES","NO"),""))))
A371: 46182 | B371: NTR | C371: Roth IRA,Individual | D371: HOLD | E371: 0.52 | F371: MEDIUM | G371: 66.67 | H371: 65.48 | K371: =IF(H371="","",(H371-G371)/G371) | L371: =IF(I371="","",(I371-G371)/G371) | M371: =IF(J371="","",(J371-G371)/G371) | N371: =IF(H371="","",IF(D371="HOLD",IF(ABS(K371)<0.03,"YES","NO"),IF(D371="BUY",IF(K371>0,"YES","NO"),IF(D371="SELL",IF(K371<0,"YES","NO"),""))))
... A479: 46188 | B479: GLD | C479: Scout | D479: HOLD | E479: 0.52 | F479: MEDIUM | G479: 400.17 | H479: 377.32 | K479: =IF(H479="","",(H479-G479)/G479) | L479: =IF(I479="","",(I479-G479)/G479) | M479: =IF(J479="","",(J479-G479)/G479) | N479: =IF(H479="","",IF(D479="HOLD",IF(ABS(K479)<0.03,"YES","NO"),IF(D479="BUY",IF(K479>0,"YES","NO"),IF(D479="SELL",IF(K479<0,"YES","NO"),""))))
A480: 46189 | B480: AAPL | C480: Roth IRA | D480: HOLD | E480: 0.62 | F480: MEDIUM | G480: 297.175 | K480: =IF(H480="","",(H480-G480)/G480) | L480: =IF(I480="","",(I480-G480)/G480) | M480: =IF(J480="","",(J480-G480)/G480) | N480: =IF(H480="","",IF(D480="HOLD",IF(ABS(K480)<0.03,"YES","NO"),IF(D480="BUY",IF(K480>0,"YES","NO"),IF(D480="SELL",IF(K480<0,"YES","NO"),""))))
A481: 46189 | B481: AG | C481: Individual | D481: HOLD | E481: 0.52 | F481: MEDIUM | G481: 18.88 | K481: =IF(H481="","",(H481-G481)/G481) | L481: =IF(I481="","",(I481-G481)/G481) | M481: =IF(J481="","",(J481-G481)/G481) | N481: =IF(H481="","",IF(D481="HOLD",IF(ABS(K481)<0.03,"YES","NO"),IF(D481="BUY",IF(K481>0,"YES","NO"),IF(D481="SELL",IF(K481<0,"YES","NO"),""))))
A482: 46189 | B482: AIQ | C482: Roth IRA,Individual | D482: HOLD | E482: 0.62 | F482: HIGH | G482: 65.44 | K482: =IF(H482="","",(H482-G482)/G482) | L482: =IF(I482="","",(I482-G482)/G482) | M482: =IF(J482="","",(J482-G482)/G482) | N482: =IF(H482="","",IF(D482="HOLD",IF(ABS(K482)<0.03,"YES","NO"),IF(D482="BUY",IF(K482>0,"YES","NO"),IF(D482="SELL",IF(K482<0,"YES","NO"),""))))
A483: 46189 | B483: CBRS | C483: Individual | D483: HOLD | E483: 0.38 | F483: MEDIUM | G483: 203.465 | K483: =IF(H483="","",(H483-G483)/G483) | L483: =IF(I483="","",(I483-G483)/G483) | M483: =IF(J483="","",(J483-G483)/G483) | N483: =IF(H483="","",IF(D483="HOLD",IF(ABS(K483)<0.03,"YES","NO"),IF(D483="BUY",IF(K483>0,"YES","NO"),IF(D483="SELL",IF(K483<0,"YES","NO"),""))))
A484: 46189 | B484: CORN | C484: Individual | D484: HOLD | E484: 0.42 | F484: MEDIUM | G484: 16.94 | K484: =IF(H484="","",(H484-G484)/G484) | L484: =IF(I484="","",(I484-G484)/G484) | M484: =IF(J484="","",(J484-G484)/G484) | N484: =IF(H484="","",IF(D484="HOLD",IF(ABS(K484)<0.03,"YES","NO"),IF(D484="BUY",IF(K484>0,"YES","NO"),IF(D484="SELL",IF(K484<0,"YES","NO"),""))))
A485: 46189 | B485: DOW | C485: Roth IRA,Individual | D485: HOLD | E485: 0.38 | F485: MEDIUM | G485: 32.78 | K485: =IF(H485="","",(H485-G485)/G485) | L485: =IF(I485="","",(I485-G485)/G485) | M485: =IF(J485="","",(J485-G485)/G485) | N485: =IF(H485="","",IF(D485="HOLD",IF(ABS(K485)<0.03,"YES","NO"),IF(D485="BUY",IF(K485>0,"YES","NO"),IF(D485="SELL",IF(K485<0,"YES","NO"),""))))
A486: 46189 | B486: FTI | C486: Individual | D486: HOLD | E486: 0.62 | F486: MEDIUM | G486: 68.2 | K486: =IF(H486="","",(H486-G486)/G486) | L486: =IF(I486="","",(I486-G486)/G486) | M486: =IF(J486="","",(J486-G486)/G486) | N486: =IF(H486="","",IF(D486="HOLD",IF(ABS(K486)<0.03,"YES","NO"),IF(D486="BUY",IF(K486>0,"YES","NO"),IF(D486="SELL",IF(K486<0,"YES","NO"),""))))
A487: 46189 | B487: GM | C487: Roth IRA,Individual | D487: HOLD | E487: 0.62 | F487: HIGH | G487: 84.38 | K487: =IF(H487="","",(H487-G487)/G487) | L487: =IF(I487="","",(I487-G487)/G487) | M487: =IF(J487="","",(J487-G487)/G487) | N487: =IF(H487="","",IF(D487="HOLD",IF(ABS(K487)<0.03,"YES","NO"),IF(D487="BUY",IF(K487>0,"YES","NO"),IF(D487="SELL",IF(K487<0,"YES","NO"),""))))
A488: 46189 | B488: JPM | C488: Roth IRA | D488: HOLD | E488: 0.65 | F488: HIGH | G488: 328.92 | K488: =IF(H488="","",(H488-G488)/G488) | L488: =IF(I488="","",(I488-G488)/G488) | M488: =IF(J488="","",(J488-G488)/G488) | N488: =IF(H488="","",IF(D488="HOLD",IF(ABS(K488)<0.03,"YES","NO"),IF(D488="BUY",IF(K488>0,"YES","NO"),IF(D488="SELL",IF(K488<0,"YES","NO"),""))))
A489: 46189 | B489: MSFT | C489: Roth IRA,Individual | D489: HOLD | E489: 0.55 | F489: HIGH | G489: 392.6513 | K489: =IF(H489="","",(H489-G489)/G489) | L489: =IF(I489="","",(I489-G489)/G489) | M489: =IF(J489="","",(J489-G489)/G489) | N489: =IF(H489="","",IF(D489="HOLD",IF(ABS(K489)<0.03,"YES","NO"),IF(D489="BUY",IF(K489>0,"YES","NO"),IF(D489="SELL",IF(K489<0,"YES","NO"),""))))
A490: 46189 | B490: NKE | C490: Roth IRA | D490: HOLD | E490: 0.52 | F490: HIGH | G490: 45.73 | K490: =IF(H490="","",(H490-G490)/G490) | L490: =IF(I490="","",(I490-G490)/G490) | M490: =IF(J490="","",(J490-G490)/G490) | N490: =IF(H490="","",IF(D490="HOLD",IF(ABS(K490)<0.03,"YES","NO"),IF(D490="BUY",IF(K490>0,"YES","NO"),IF(D490="SELL",IF(K490<0,"YES","NO"),""))))
A491: 46189 | B491: NTR | C491: Roth IRA,Individual | D491: HOLD | E491: 0.52 | F491: MEDIUM | G491: 65.505 | K491: =IF(H491="","",(H491-G491)/G491) | L491: =IF(I491="","",(I491-G491)/G491) | M491: =IF(J491="","",(J491-G491)/G491) | N491: =IF(H491="","",IF(D491="HOLD",IF(ABS(K491)<0.03,"YES","NO"),IF(D491="BUY",IF(K491>0,"YES","NO"),IF(D491="SELL",IF(K491<0,"YES","NO"),""))))
... A599: 46196 | B599: GLD | C599: Scout | D599: HOLD | E599: 0.52 | F599: HIGH | G599: 379.23 | K599: =IF(H599="","",(H599-G599)/G599) | L599: =IF(I599="","",(I599-G599)/G599) | M599: =IF(J599="","",(J599-G599)/G599) | N599: =IF(H599="","",IF(D599="HOLD",IF(ABS(K599)<0.03,"YES","NO"),IF(D599="BUY",IF(K599>0,"YES","NO"),IF(D599="SELL",IF(K599<0,"YES","NO"),""))))
K600: =IF(H600="","",(H600-G600)/G600) | L600: =IF(I600="","",(I600-G600)/G600) | M600: =IF(J600="","",(J600-G600)/G600) | N600: =IF(H600="","",IF(D600="HOLD",IF(ABS(K600)<0.03,"YES","NO"),IF(D600="BUY",IF(K600>0,"YES","NO"),IF(D600="SELL",IF(K600<0,"YES","NO"),""))))
K601: =IF(H601="","",(H601-G601)/G601) | L601: =IF(I601="","",(I601-G601)/G601) | M601: =IF(J601="","",(J601-G601)/G601) | N601: =IF(H601="","",IF(D601="HOLD",IF(ABS(K601)<0.03,"YES","NO"),IF(D601="BUY",IF(K601>0,"YES","NO"),IF(D601="SELL",IF(K601<0,"YES","NO"),""))))
K602: =IF(H602="","",(H602-G602)/G602) | L602: =IF(I602="","",(I602-G602)/G602) | M602: =IF(J602="","",(J602-G602)/G602) | N602: =IF(H602="","",IF(D602="HOLD",IF(ABS(K602)<0.03,"YES","NO"),IF(D602="BUY",IF(K602>0,"YES","NO"),IF(D602="SELL",IF(K602<0,"YES","NO"),""))))
K603: =IF(H603="","",(H603-G603)/G603) | L603: =IF(I603="","",(I603-G603)/G603) | M603: =IF(J603="","",(J603-G603)/G603) | N603: =IF(H603="","",IF(D603="HOLD",IF(ABS(K603)<0.03,"YES","NO"),IF(D603="BUY",IF(K603>0,"YES","NO"),IF(D603="SELL",IF(K603<0,"YES","NO"),""))))
K604: =IF(H604="","",(H604-G604)/G604) | L604: =IF(I604="","",(I604-G604)/G604) | M604: =IF(J604="","",(J604-G604)/G604) | N604: =IF(H604="","",IF(D604="HOLD",IF(ABS(K604)<0.03,"YES","NO"),IF(D604="BUY",IF(K604>0,"YES","NO"),IF(D604="SELL",IF(K604<0,"YES","NO"),""))))
K605: =IF(H605="","",(H605-G605)/G605) | L605: =IF(I605="","",(I605-G605)/G605) | M605: =IF(J605="","",(J605-G605)/G605) | N605: =IF(H605="","",IF(D605="HOLD",IF(ABS(K605)<0.03,"YES","NO"),IF(D605="BUY",IF(K605>0,"YES","NO"),IF(D605="SELL",IF(K605<0,"YES","NO"),""))))
K606: =IF(H606="","",(H606-G606)/G606) | L606: =IF(I606="","",(I606-G606)/G606) | M606: =IF(J606="","",(J606-G606)/G606) | N606: =IF(H606="","",IF(D606="HOLD",IF(ABS(K606)<0.03,"YES","NO"),IF(D606="BUY",IF(K606>0,"YES","NO"),IF(D606="SELL",IF(K606<0,"YES","NO"),""))))
K607: =IF(H607="","",(H607-G607)/G607) | L607: =IF(I607="","",(I607-G607)/G607) | M607: =IF(J607="","",(J607-G607)/G607) | N607: =IF(H607="","",IF(D607="HOLD",IF(ABS(K607)<0.03,"YES","NO"),IF(D607="BUY",IF(K607>0,"YES","NO"),IF(D607="SELL",IF(K607<0,"YES","NO"),""))))
K608: =IF(H608="","",(H608-G608)/G608) | L608: =IF(I608="","",(I608-G608)/G608) | M608: =IF(J608="","",(J608-G608)/G608) | N608: =IF(H608="","",IF(D608="HOLD",IF(ABS(K608)<0.03,"YES","NO"),IF(D608="BUY",IF(K608>0,"YES","NO"),IF(D608="SELL",IF(K608<0,"YES","NO"),""))))
K609: =IF(H609="","",(H609-G609)/G609) | L609: =IF(I609="","",(I609-G609)/G609) | M609: =IF(J609="","",(J609-G609)/G609) | N609: =IF(H609="","",IF(D609="HOLD",IF(ABS(K609)<0.03,"YES","NO"),IF(D609="BUY",IF(K609>0,"YES","NO"),IF(D609="SELL",IF(K609<0,"YES","NO"),""))))
K610: =IF(H610="","",(H610-G610)/G610) | L610: =IF(I610="","",(I610-G610)/G610) | M610: =IF(J610="","",(J610-G610)/G610) | N610: =IF(H610="","",IF(D610="HOLD",IF(ABS(K610)<0.03,"YES","NO"),IF(D610="BUY",IF(K610>0,"YES","NO"),IF(D610="SELL",IF(K610<0,"YES","NO"),""))))
K611: =IF(H611="","",(H611-G611)/G611) | L611: =IF(I611="","",(I611-G611)/G611) | M611: =IF(J611="","",(J611-G611)/G611) | N611: =IF(H611="","",IF(D611="HOLD",IF(ABS(K611)<0.03,"YES","NO"),IF(D611="BUY",IF(K611>0,"YES","NO"),IF(D611="SELL",IF(K611<0,"YES","NO"),""))))
... K2000: =IF(H2000="","",(H2000-G2000)/G2000) | L2000: =IF(I2000="","",(I2000-G2000)/G2000) | M2000: =IF(J2000="","",(J2000-G2000)/G2000) | N2000: =IF(H2000="","",IF(D2000="HOLD",IF(ABS(K2000)<0.03,"YES","NO"),IF(D2000="BUY",IF(K2000>0,"YES","NO"),IF(D2000="SELL",IF(K2000<0,"YES","NO"),""))))

Sheet Near-Miss BUYs
A1: Near-Miss BUY Signals — Threshold Calibration Cohort (auto-generated)
A2: AUTO-GENERATED from the Signals tab — do not hand-edit. BUY signals rejected by the 70% threshold (60–69% confidence). Prices/returns are sourced from Signals; +Nd dates are trading-day offsets.
A4: Signal Date | B4: Ticker | C4: Account | D4: Conf % | E4: Data Quality | F4: Price at Signal | G4: +5d Date | H4: +10d Date | I4: Price +5d | J4: Price +10d | K4: Return +5d | L4: Return +10d | M4: Was Claude Right? (5d) | N4: Was Claude Right? (10d) | O4: Notes | P4: Segment
A5: 46161 | B5: NVDA | C5: Scout | D5: 0.62 | E5: MEDIUM | F5: 220.58 | G5: 46169 | H5: 46176 | I5: 212.6 | J5: 214.75 | K5: =IF(I5<>"",I5/F5-1,"") | L5: =IF(J5<>"",J5/F5-1,"") | M5: =IF(K5<>"",IF(K5>0,"YES","NO"),"") | N5: =IF(L5<>"",IF(L5>0,"YES","NO"),"") | O5: First BUY signal. Rejected: 62% < 70% threshold | P5: LOCKED
A6: 46163 | B6: SCHD | C6: Roth IRA | D6: 0.68 | E6: HIGH | F6: 32.109 | G6: 46171 | H6: 46178 | I6: 32.5 | J6: 32.3 | K6: =IF(I6<>"",I6/F6-1,"") | L6: =IF(J6<>"",J6/F6-1,"") | M6: =IF(K6<>"",IF(K6>0,"YES","NO"),"") | N6: =IF(L6<>"",IF(L6>0,"YES","NO"),"") | P6: LOCKED
A7: 46164 | B7: NVDA | C7: Scout | D7: 0.62 | E7: MEDIUM | F7: 216.765 | G7: 46174 | H7: 46181 | I7: 224.36 | J7: 208.64 | K7: =IF(I7<>"",I7/F7-1,"") | L7: =IF(J7<>"",J7/F7-1,"") | M7: =IF(K7<>"",IF(K7>0,"YES","NO"),"") | N7: =IF(L7<>"",IF(L7>0,"YES","NO"),"") | P7: LOCKED
A8: 46168 | B8: VTI | C8: Scout | D8: 0.68 | E8: HIGH | F8: 370.15 | G8: 46175 | H8: 46182 | I8: 374.36 | J8: 363.67 | K8: =IF(I8<>"",I8/F8-1,"") | L8: =IF(J8<>"",J8/F8-1,"") | M8: =IF(K8<>"",IF(K8>0,"YES","NO"),"") | N8: =IF(L8<>"",IF(L8>0,"YES","NO"),"") | P8: LOCKED
A9: 46169 | B9: NVDA | C9: Scout | D9: 0.63 | E9: MEDIUM | F9: 209.84 | G9: 46176 | H9: 46183 | I9: 214.75 | J9: 200.42 | K9: =IF(I9<>"",I9/F9-1,"") | L9: =IF(J9<>"",J9/F9-1,"") | M9: =IF(K9<>"",IF(K9>0,"YES","NO"),"") | N9: =IF(L9<>"",IF(L9>0,"YES","NO"),"") | P9: LOCKED
A10: 46171 | B10: NVDA | C10: Scout | D10: 0.68 | E10: MEDIUM | F10: 215.95 | G10: 46178 | H10: 46185 | I10: 205.1 | J10: 205.19 | K10: =IF(I10<>"",I10/F10-1,"") | L10: =IF(J10<>"",J10/F10-1,"") | M10: =IF(K10<>"",IF(K10>0,"YES","NO"),"") | N10: =IF(L10<>"",IF(L10>0,"YES","NO"),"") | P10: LOCKED
A11: 46174 | B11: NVDA | C11: Scout | D11: 0.68 | E11: MEDIUM | F11: 221.585 | G11: 46181 | H11: 46188 | I11: 208.64 | J11: 212.45 | K11: =IF(I11<>"",I11/F11-1,"") | L11: =IF(J11<>"",J11/F11-1,"") | M11: =IF(K11<>"",IF(K11>0,"YES","NO"),"") | N11: =IF(L11<>"",IF(L11>0,"YES","NO"),"") | P11: LOCKED
A12: 46175 | B12: NVDA | C12: Scout | D12: 0.68 | E12: MEDIUM | F12: 227.93 | G12: 46182 | H12: 46189 | I12: 208.19 | J12: 207.41 | K12: =IF(I12<>"",I12/F12-1,"") | L12: =IF(J12<>"",J12/F12-1,"") | M12: =IF(K12<>"",IF(K12>0,"YES","NO"),"") | N12: =IF(L12<>"",IF(L12>0,"YES","NO"),"") | P12: EXTENDED
A13: 46176 | B13: GLD | C13: Scout | D13: 0.62 | E13: MEDIUM | F13: 408.5 | G13: 46183 | H13: 46190 | I13: 374.58 | J13: 388.6 | K13: =IF(I13<>"",I13/F13-1,"") | L13: =IF(J13<>"",J13/F13-1,"") | M13: =IF(K13<>"",IF(K13>0,"YES","NO"),"") | N13: =IF(L13<>"",IF(L13>0,"YES","NO"),"") | P13: EXTENDED
A14: 46176 | B14: NVDA | C14: Scout | D14: 0.66 | E14: MEDIUM | F14: 215.1283 | G14: 46183 | H14: 46190 | I14: 200.42 | J14: 204.65 | K14: =IF(I14<>"",I14/F14-1,"") | L14: =IF(J14<>"",J14/F14-1,"") | M14: =IF(K14<>"",IF(K14>0,"YES","NO"),"") | N14: =IF(L14<>"",IF(L14>0,"YES","NO"),"") | P14: EXTENDED
A15: 46177 | B15: NVDA | C15: Scout | D15: 0.65 | E15: MEDIUM | F15: 213.785 | G15: 46184 | H15: 46191 | I15: 204.87 | J15: 210.15 | K15: =IF(I15<>"",I15/F15-1,"") | L15: =IF(J15<>"",J15/F15-1,"") | M15: =IF(K15<>"",IF(K15>0,"YES","NO"),"") | N15: =IF(L15<>"",IF(L15>0,"YES","NO"),"") | P15: EXTENDED
A16: 46178 | B16: NVDA | C16: Scout | D16: 0.65 | E16: MEDIUM | F16: 211.975 | G16: 46185 | H16: 46195 | I16: 205.19 | J16: 208.65 | K16: =IF(I16<>"",I16/F16-1,"") | L16: =IF(J16<>"",J16/F16-1,"") | M16: =IF(K16<>"",IF(K16>0,"YES","NO"),"") | N16: =IF(L16<>"",IF(L16>0,"YES","NO"),"") | P16: EXTENDED
A17: 46181 | B17: NVDA | C17: Scout | D17: 0.68 | E17: MEDIUM | F17: 208.405 | G17: 46188 | H17: 46196 | I17: 212.45 | J17: 200.04 | K17: =IF(I17<>"",I17/F17-1,"") | L17: =IF(J17<>"",J17/F17-1,"") | M17: =IF(K17<>"",IF(K17>0,"YES","NO"),"") | N17: =IF(L17<>"",IF(L17>0,"YES","NO"),"") | P17: EXTENDED
A18: 46182 | B18: NVDA | C18: Scout | D18: 0.68 | E18: MEDIUM | F18: 207.4001 | G18: 46189 | H18: 46197 | I18: 207.41 | K18: =IF(I18<>"",I18/F18-1,"") | L18: =IF(J18<>"",J18/F18-1,"") | M18: =IF(K18<>"",IF(K18>0,"YES","NO"),"") | N18: =IF(L18<>"",IF(L18>0,"YES","NO"),"") | P18: EXTENDED
A19: 46184 | B19: NVDA | C19: Scout | D19: 0.65 | E19: MEDIUM | F19: 199.94 | G19: 46191 | H19: 46199 | I19: 210.15 | K19: =IF(I19<>"",I19/F19-1,"") | L19: =IF(J19<>"",J19/F19-1,"") | M19: =IF(K19<>"",IF(K19>0,"YES","NO"),"") | N19: =IF(L19<>"",IF(L19>0,"YES","NO"),"") | P19: EXTENDED
A20: 46185 | B20: NVDA | C20: Scout | D20: 0.62 | E20: MEDIUM | F20: 205.597 | G20: 46195 | H20: 46202 | I20: 208.65 | K20: =IF(I20<>"",I20/F20-1,"") | L20: =IF(J20<>"",J20/F20-1,"") | M20: =IF(K20<>"",IF(K20>0,"YES","NO"),"") | N20: =IF(L20<>"",IF(L20>0,"YES","NO"),"") | P20: EXTENDED
A21: 46185 | B21: VTI | C21: Scout | D21: 0.68 | E21: HIGH | F21: 365.62 | G21: 46195 | H21: 46202 | I21: 368.81 | K21: =IF(I21<>"",I21/F21-1,"") | L21: =IF(J21<>"",J21/F21-1,"") | M21: =IF(K21<>"",IF(K21>0,"YES","NO"),"") | N21: =IF(L21<>"",IF(L21>0,"YES","NO"),"") | P21: EXTENDED
A22: 46189 | B22: NVDA | C22: Scout | D22: 0.65 | E22: MEDIUM | F22: 209.12 | G22: 46197 | H22: 46204 | K22: =IF(I22<>"",I22/F22-1,"") | L22: =IF(J22<>"",J22/F22-1,"") | M22: =IF(K22<>"",IF(K22>0,"YES","NO"),"") | N22: =IF(L22<>"",IF(L22>0,"YES","NO"),"") | P22: EXTENDED
A23: 46189 | B23: VTI | C23: Scout | D23: 0.68 | E23: HIGH | F23: 372.15 | G23: 46197 | H23: 46204 | K23: =IF(I23<>"",I23/F23-1,"") | L23: =IF(J23<>"",J23/F23-1,"") | M23: =IF(K23<>"",IF(K23>0,"YES","NO"),"") | N23: =IF(L23<>"",IF(L23>0,"YES","NO"),"") | P23: EXTENDED
A25: LOCKED — final 7-of-7 verdict cohort | B25: signals on/before 2026-06-01 · immutable
A26: Near-miss BUYs (n) | B26: =COUNTIF(P5:P23,"LOCKED")
A27: Completed +5d | B27: =COUNTIFS(P5:P23,"LOCKED",I5:I23,"<>")
A28: Hit count (+5d > 0) | B28: =COUNTIFS(P5:P23,"LOCKED",M5:M23,"YES")
A29: Hit rate +5d | B29: =IFERROR(COUNTIFS(P5:P23,"LOCKED",M5:M23,"YES")/COUNTIFS(P5:P23,"LOCKED",I5:I23,"<>"),"—")
A30: Avg +5d return | B30: =IFERROR(AVERAGEIFS(K5:K23,P5:P23,"LOCKED",I5:I23,"<>"),"—")
A31: Completed +10d | B31: =COUNTIFS(P5:P23,"LOCKED",J5:J23,"<>")
A32: Hit count (+10d > 0) | B32: =COUNTIFS(P5:P23,"LOCKED",N5:N23,"YES")
A33: Hit rate +10d | B33: =IFERROR(COUNTIFS(P5:P23,"LOCKED",N5:N23,"YES")/COUNTIFS(P5:P23,"LOCKED",J5:J23,"<>"),"—")
A34: Avg +10d return | B34: =IFERROR(AVERAGEIFS(L5:L23,P5:P23,"LOCKED",J5:J23,"<>"),"—")
A36: EXTENDED — running post-lock tracking | B36: signals after 2026-06-01 · fills over time
A37: Near-miss BUYs (n) | B37: =COUNTIF(P5:P23,"EXTENDED")
A38: Completed +5d | B38: =COUNTIFS(P5:P23,"EXTENDED",I5:I23,"<>")
A39: Hit count (+5d > 0) | B39: =COUNTIFS(P5:P23,"EXTENDED",M5:M23,"YES")
A40: Hit rate +5d | B40: =IFERROR(COUNTIFS(P5:P23,"EXTENDED",M5:M23,"YES")/COUNTIFS(P5:P23,"EXTENDED",I5:I23,"<>"),"—")
A41: Avg +5d return | B41: =IFERROR(AVERAGEIFS(K5:K23,P5:P23,"EXTENDED",I5:I23,"<>"),"—")
A42: Completed +10d | B42: =COUNTIFS(P5:P23,"EXTENDED",J5:J23,"<>")
A43: Hit count (+10d > 0) | B43: =COUNTIFS(P5:P23,"EXTENDED",N5:N23,"YES")
A44: Hit rate +10d | B44: =IFERROR(COUNTIFS(P5:P23,"EXTENDED",N5:N23,"YES")/COUNTIFS(P5:P23,"EXTENDED",J5:J23,"<>"),"—")
A45: Avg +10d return | B45: =IFERROR(AVERAGEIFS(L5:L23,P5:P23,"EXTENDED",J5:J23,"<>"),"—")
A47: TOTAL near-miss BUYs | B47: =COUNTA(A5:A23)
A49: VERDICT — RESOLVED 2026-06-12 (Phase 2 close)
A50: Decision: KEEP 70% threshold
A51: Locked 7-of-7 cohort: hit rate 57.1% < 75.0% required AND avg +5d -0.9% < 3.0% required. Both gates fail; extended post-lock set corroborates (running). KEEP 70% confirmed at the 6/12 review.
A52: Loosening gates: hit rate ≥ 75.0% AND avg +5d ≥ 3.0% → lower to 65%. Locked cohort 57.1% / -0.9% fails both.
A54: Source: claude_equity_bot_tracker.xlsx · Signals tab · generated 2026-06-23 17:31 · near-miss band [60%, 70%) · +Nd = trading days (weekends + NYSE holidays excluded).

Sheet Cohort Analysis
A1: Cohort Analysis — Calibration Evidence by Confidence Band
A2: Hit rate by confidence band, per cohort. Looking for the pattern: highest hit rate in 50-59%, lowest hit rate in 40-49%, with absolute returns inverse (highest abs return in lowest-conf band).
A4: Section 1: Hit Rate by Confidence Band (+5d)
A5: Cohort Date | B5: Sample (with +5d) | C5: 40-49% Hit Rate | D5: 40-49% n | E5: 50-59% Hit Rate | F5: 50-59% n | G5: 60-69% Hit Rate | H5: 60-69% n | I5: Pattern Holds?
A6: 2026-05-18 | B6: =COUNTIFS(Signals!$A:$A,$A$6,Signals!$N:$N,"YES")+COUNTIFS(Signals!$A:$A,$A$6,Signals!$N:$N,"NO") | C6: =IFERROR(COUNTIFS(Signals!$A:$A,$A$6,Signals!$E:$E,">=0.40",Signals!$E:$E,"<0.50",Signals!$N:$N,"YES")/(COUNTIFS(Signals!$A:$A,$A$6,Signals!$E:$E,">=0.40",Signals!$E:$E,"<0.50",Signals!$N:$N,"YES")+COUNTIFS(Signals!$A:$A,$A$6,Signals!$E:$E,">=0.40",Signals!$E:$E,"<0.50",Signals!$N:$N,"NO")),"") | D6: =COUNTIFS(Signals!$A:$A,$A$6,Signals!$E:$E,">=0.40",Signals!$E:$E,"<0.50",Signals!$N:$N,"YES")+COUNTIFS(Signals!$A:$A,$A$6,Signals!$E:$E,">=0.40",Signals!$E:$E,"<0.50",Signals!$N:$N,"NO") | E6: =IFERROR(COUNTIFS(Signals!$A:$A,$A$6,Signals!$E:$E,">=0.50",Signals!$E:$E,"<0.60",Signals!$N:$N,"YES")/(COUNTIFS(Signals!$A:$A,$A$6,Signals!$E:$E,">=0.50",Signals!$E:$E,"<0.60",Signals!$N:$N,"YES")+COUNTIFS(Signals!$A:$A,$A$6,Signals!$E:$E,">=0.50",Signals!$E:$E,"<0.60",Signals!$N:$N,"NO")),"") | F6: =COUNTIFS(Signals!$A:$A,$A$6,Signals!$E:$E,">=0.50",Signals!$E:$E,"<0.60",Signals!$N:$N,"YES")+COUNTIFS(Signals!$A:$A,$A$6,Signals!$E:$E,">=0.50",Signals!$E:$E,"<0.60",Signals!$N:$N,"NO") | G6: =IFERROR(COUNTIFS(Signals!$A:$A,$A$6,Signals!$E:$E,">=0.60",Signals!$E:$E,"<0.70",Signals!$N:$N,"YES")/(COUNTIFS(Signals!$A:$A,$A$6,Signals!$E:$E,">=0.60",Signals!$E:$E,"<0.70",Signals!$N:$N,"YES")+COUNTIFS(Signals!$A:$A,$A$6,Signals!$E:$E,">=0.60",Signals!$E:$E,"<0.70",Signals!$N:$N,"NO")),"") | H6: =COUNTIFS(Signals!$A:$A,$A$6,Signals!$E:$E,">=0.60",Signals!$E:$E,"<0.70",Signals!$N:$N,"YES")+COUNTIFS(Signals!$A:$A,$A$6,Signals!$E:$E,">=0.60",Signals!$E:$E,"<0.70",Signals!$N:$N,"NO") | I6: =IF(B6=0,"insufficient data",IF(AND(E6>C6,E6>G6),"✓ YES","NO"))
A7: 2026-05-19 | B7: =COUNTIFS(Signals!$A:$A,$A$7,Signals!$N:$N,"YES")+COUNTIFS(Signals!$A:$A,$A$7,Signals!$N:$N,"NO") | C7: =IFERROR(COUNTIFS(Signals!$A:$A,$A$7,Signals!$E:$E,">=0.40",Signals!$E:$E,"<0.50",Signals!$N:$N,"YES")/(COUNTIFS(Signals!$A:$A,$A$7,Signals!$E:$E,">=0.40",Signals!$E:$E,"<0.50",Signals!$N:$N,"YES")+COUNTIFS(Signals!$A:$A,$A$7,Signals!$E:$E,">=0.40",Signals!$E:$E,"<0.50",Signals!$N:$N,"NO")),"") | D7: =COUNTIFS(Signals!$A:$A,$A$7,Signals!$E:$E,">=0.40",Signals!$E:$E,"<0.50",Signals!$N:$N,"YES")+COUNTIFS(Signals!$A:$A,$A$7,Signals!$E:$E,">=0.40",Signals!$E:$E,"<0.50",Signals!$N:$N,"NO") | E7: =IFERROR(COUNTIFS(Signals!$A:$A,$A$7,Signals!$E:$E,">=0.50",Signals!$E:$E,"<0.60",Signals!$N:$N,"YES")/(COUNTIFS(Signals!$A:$A,$A$7,Signals!$E:$E,">=0.50",Signals!$E:$E,"<0.60",Signals!$N:$N,"YES")+COUNTIFS(Signals!$A:$A,$A$7,Signals!$E:$E,">=0.50",Signals!$E:$E,"<0.60",Signals!$N:$N,"NO")),"") | F7: =COUNTIFS(Signals!$A:$A,$A$7,Signals!$E:$E,">=0.50",Signals!$E:$E,"<0.60",Signals!$N:$N,"YES")+COUNTIFS(Signals!$A:$A,$A$7,Signals!$E:$E,">=0.50",Signals!$E:$E,"<0.60",Signals!$N:$N,"NO") | G7: =IFERROR(COUNTIFS(Signals!$A:$A,$A$7,Signals!$E:$E,">=0.60",Signals!$E:$E,"<0.70",Signals!$N:$N,"YES")/(COUNTIFS(Signals!$A:$A,$A$7,Signals!$E:$E,">=0.60",Signals!$E:$E,"<0.70",Signals!$N:$N,"YES")+COUNTIFS(Signals!$A:$A,$A$7,Signals!$E:$E,">=0.60",Signals!$E:$E,"<0.70",Signals!$N:$N,"NO")),"") | H7: =COUNTIFS(Signals!$A:$A,$A$7,Signals!$E:$E,">=0.60",Signals!$E:$E,"<0.70",Signals!$N:$N,"YES")+COUNTIFS(Signals!$A:$A,$A$7,Signals!$E:$E,">=0.60",Signals!$E:$E,"<0.70",Signals!$N:$N,"NO") | I7: =IF(B7=0,"insufficient data",IF(AND(E7>C7,E7>G7),"✓ YES","NO"))
A8: 2026-05-20 | B8: =COUNTIFS(Signals!$A:$A,$A$8,Signals!$N:$N,"YES")+COUNTIFS(Signals!$A:$A,$A$8,Signals!$N:$N,"NO") | C8: =IFERROR(COUNTIFS(Signals!$A:$A,$A$8,Signals!$E:$E,">=0.40",Signals!$E:$E,"<0.50",Signals!$N:$N,"YES")/(COUNTIFS(Signals!$A:$A,$A$8,Signals!$E:$E,">=0.40",Signals!$E:$E,"<0.50",Signals!$N:$N,"YES")+COUNTIFS(Signals!$A:$A,$A$8,Signals!$E:$E,">=0.40",Signals!$E:$E,"<0.50",Signals!$N:$N,"NO")),"") | D8: =COUNTIFS(Signals!$A:$A,$A$8,Signals!$E:$E,">=0.40",Signals!$E:$E,"<0.50",Signals!$N:$N,"YES")+COUNTIFS(Signals!$A:$A,$A$8,Signals!$E:$E,">=0.40",Signals!$E:$E,"<0.50",Signals!$N:$N,"NO") | E8: =IFERROR(COUNTIFS(Signals!$A:$A,$A$8,Signals!$E:$E,">=0.50",Signals!$E:$E,"<0.60",Signals!$N:$N,"YES")/(COUNTIFS(Signals!$A:$A,$A$8,Signals!$E:$E,">=0.50",Signals!$E:$E,"<0.60",Signals!$N:$N,"YES")+COUNTIFS(Signals!$A:$A,$A$8,Signals!$E:$E,">=0.50",Signals!$E:$E,"<0.60",Signals!$N:$N,"NO")),"") | F8: =COUNTIFS(Signals!$A:$A,$A$8,Signals!$E:$E,">=0.50",Signals!$E:$E,"<0.60",Signals!$N:$N,"YES")+COUNTIFS(Signals!$A:$A,$A$8,Signals!$E:$E,">=0.50",Signals!$E:$E,"<0.60",Signals!$N:$N,"NO") | G8: =IFERROR(COUNTIFS(Signals!$A:$A,$A$8,Signals!$E:$E,">=0.60",Signals!$E:$E,"<0.70",Signals!$N:$N,"YES")/(COUNTIFS(Signals!$A:$A,$A$8,Signals!$E:$E,">=0.60",Signals!$E:$E,"<0.70",Signals!$N:$N,"YES")+COUNTIFS(Signals!$A:$A,$A$8,Signals!$E:$E,">=0.60",Signals!$E:$E,"<0.70",Signals!$N:$N,"NO")),"") | H8: =COUNTIFS(Signals!$A:$A,$A$8,Signals!$E:$E,">=0.60",Signals!$E:$E,"<0.70",Signals!$N:$N,"YES")+COUNTIFS(Signals!$A:$A,$A$8,Signals!$E:$E,">=0.60",Signals!$E:$E,"<0.70",Signals!$N:$N,"NO") | I8: =IF(B8=0,"insufficient data",IF(AND(E8>C8,E8>G8),"✓ YES","NO"))
A9: 2026-05-21 | B9: =COUNTIFS(Signals!$A:$A,$A$9,Signals!$N:$N,"YES")+COUNTIFS(Signals!$A:$A,$A$9,Signals!$N:$N,"NO") | C9: =IFERROR(COUNTIFS(Signals!$A:$A,$A$9,Signals!$E:$E,">=0.40",Signals!$E:$E,"<0.50",Signals!$N:$N,"YES")/(COUNTIFS(Signals!$A:$A,$A$9,Signals!$E:$E,">=0.40",Signals!$E:$E,"<0.50",Signals!$N:$N,"YES")+COUNTIFS(Signals!$A:$A,$A$9,Signals!$E:$E,">=0.40",Signals!$E:$E,"<0.50",Signals!$N:$N,"NO")),"") | D9: =COUNTIFS(Signals!$A:$A,$A$9,Signals!$E:$E,">=0.40",Signals!$E:$E,"<0.50",Signals!$N:$N,"YES")+COUNTIFS(Signals!$A:$A,$A$9,Signals!$E:$E,">=0.40",Signals!$E:$E,"<0.50",Signals!$N:$N,"NO") | E9: =IFERROR(COUNTIFS(Signals!$A:$A,$A$9,Signals!$E:$E,">=0.50",Signals!$E:$E,"<0.60",Signals!$N:$N,"YES")/(COUNTIFS(Signals!$A:$A,$A$9,Signals!$E:$E,">=0.50",Signals!$E:$E,"<0.60",Signals!$N:$N,"YES")+COUNTIFS(Signals!$A:$A,$A$9,Signals!$E:$E,">=0.50",Signals!$E:$E,"<0.60",Signals!$N:$N,"NO")),"") | F9: =COUNTIFS(Signals!$A:$A,$A$9,Signals!$E:$E,">=0.50",Signals!$E:$E,"<0.60",Signals!$N:$N,"YES")+COUNTIFS(Signals!$A:$A,$A$9,Signals!$E:$E,">=0.50",Signals!$E:$E,"<0.60",Signals!$N:$N,"NO") | G9: =IFERROR(COUNTIFS(Signals!$A:$A,$A$9,Signals!$E:$E,">=0.60",Signals!$E:$E,"<0.70",Signals!$N:$N,"YES")/(COUNTIFS(Signals!$A:$A,$A$9,Signals!$E:$E,">=0.60",Signals!$E:$E,"<0.70",Signals!$N:$N,"YES")+COUNTIFS(Signals!$A:$A,$A$9,Signals!$E:$E,">=0.60",Signals!$E:$E,"<0.70",Signals!$N:$N,"NO")),"") | H9: =COUNTIFS(Signals!$A:$A,$A$9,Signals!$E:$E,">=0.60",Signals!$E:$E,"<0.70",Signals!$N:$N,"YES")+COUNTIFS(Signals!$A:$A,$A$9,Signals!$E:$E,">=0.60",Signals!$E:$E,"<0.70",Signals!$N:$N,"NO") | I9: =IF(B9=0,"insufficient data",IF(AND(E9>C9,E9>G9),"✓ YES","NO"))
A10: 2026-05-22 | B10: =COUNTIFS(Signals!$A:$A,$A$10,Signals!$N:$N,"YES")+COUNTIFS(Signals!$A:$A,$A$10,Signals!$N:$N,"NO") | C10: =IFERROR(COUNTIFS(Signals!$A:$A,$A$10,Signals!$E:$E,">=0.40",Signals!$E:$E,"<0.50",Signals!$N:$N,"YES")/(COUNTIFS(Signals!$A:$A,$A$10,Signals!$E:$E,">=0.40",Signals!$E:$E,"<0.50",Signals!$N:$N,"YES")+COUNTIFS(Signals!$A:$A,$A$10,Signals!$E:$E,">=0.40",Signals!$E:$E,"<0.50",Signals!$N:$N,"NO")),"") | D10: =COUNTIFS(Signals!$A:$A,$A$10,Signals!$E:$E,">=0.40",Signals!$E:$E,"<0.50",Signals!$N:$N,"YES")+COUNTIFS(Signals!$A:$A,$A$10,Signals!$E:$E,">=0.40",Signals!$E:$E,"<0.50",Signals!$N:$N,"NO") | E10: =IFERROR(COUNTIFS(Signals!$A:$A,$A$10,Signals!$E:$E,">=0.50",Signals!$E:$E,"<0.60",Signals!$N:$N,"YES")/(COUNTIFS(Signals!$A:$A,$A$10,Signals!$E:$E,">=0.50",Signals!$E:$E,"<0.60",Signals!$N:$N,"YES")+COUNTIFS(Signals!$A:$A,$A$10,Signals!$E:$E,">=0.50",Signals!$E:$E,"<0.60",Signals!$N:$N,"NO")),"") | F10: =COUNTIFS(Signals!$A:$A,$A$10,Signals!$E:$E,">=0.50",Signals!$E:$E,"<0.60",Signals!$N:$N,"YES")+COUNTIFS(Signals!$A:$A,$A$10,Signals!$E:$E,">=0.50",Signals!$E:$E,"<0.60",Signals!$N:$N,"NO") | G10: =IFERROR(COUNTIFS(Signals!$A:$A,$A$10,Signals!$E:$E,">=0.60",Signals!$E:$E,"<0.70",Signals!$N:$N,"YES")/(COUNTIFS(Signals!$A:$A,$A$10,Signals!$E:$E,">=0.60",Signals!$E:$E,"<0.70",Signals!$N:$N,"YES")+COUNTIFS(Signals!$A:$A,$A$10,Signals!$E:$E,">=0.60",Signals!$E:$E,"<0.70",Signals!$N:$N,"NO")),"") | H10: =COUNTIFS(Signals!$A:$A,$A$10,Signals!$E:$E,">=0.60",Signals!$E:$E,"<0.70",Signals!$N:$N,"YES")+COUNTIFS(Signals!$A:$A,$A$10,Signals!$E:$E,">=0.60",Signals!$E:$E,"<0.70",Signals!$N:$N,"NO") | I10: =IF(B10=0,"insufficient data",IF(AND(E10>C10,E10>G10),"✓ YES","NO"))
A11: 2026-05-26 | B11: =COUNTIFS(Signals!$A:$A,$A$11,Signals!$N:$N,"YES")+COUNTIFS(Signals!$A:$A,$A$11,Signals!$N:$N,"NO") | C11: =IFERROR(COUNTIFS(Signals!$A:$A,$A$11,Signals!$E:$E,">=0.40",Signals!$E:$E,"<0.50",Signals!$N:$N,"YES")/(COUNTIFS(Signals!$A:$A,$A$11,Signals!$E:$E,">=0.40",Signals!$E:$E,"<0.50",Signals!$N:$N,"YES")+COUNTIFS(Signals!$A:$A,$A$11,Signals!$E:$E,">=0.40",Signals!$E:$E,"<0.50",Signals!$N:$N,"NO")),"") | D11: =COUNTIFS(Signals!$A:$A,$A$11,Signals!$E:$E,">=0.40",Signals!$E:$E,"<0.50",Signals!$N:$N,"YES")+COUNTIFS(Signals!$A:$A,$A$11,Signals!$E:$E,">=0.40",Signals!$E:$E,"<0.50",Signals!$N:$N,"NO") | E11: =IFERROR(COUNTIFS(Signals!$A:$A,$A$11,Signals!$E:$E,">=0.50",Signals!$E:$E,"<0.60",Signals!$N:$N,"YES")/(COUNTIFS(Signals!$A:$A,$A$11,Signals!$E:$E,">=0.50",Signals!$E:$E,"<0.60",Signals!$N:$N,"YES")+COUNTIFS(Signals!$A:$A,$A$11,Signals!$E:$E,">=0.50",Signals!$E:$E,"<0.60",Signals!$N:$N,"NO")),"") | F11: =COUNTIFS(Signals!$A:$A,$A$11,Signals!$E:$E,">=0.50",Signals!$E:$E,"<0.60",Signals!$N:$N,"YES")+COUNTIFS(Signals!$A:$A,$A$11,Signals!$E:$E,">=0.50",Signals!$E:$E,"<0.60",Signals!$N:$N,"NO") | G11: =IFERROR(COUNTIFS(Signals!$A:$A,$A$11,Signals!$E:$E,">=0.60",Signals!$E:$E,"<0.70",Signals!$N:$N,"YES")/(COUNTIFS(Signals!$A:$A,$A$11,Signals!$E:$E,">=0.60",Signals!$E:$E,"<0.70",Signals!$N:$N,"YES")+COUNTIFS(Signals!$A:$A,$A$11,Signals!$E:$E,">=0.60",Signals!$E:$E,"<0.70",Signals!$N:$N,"NO")),"") | H11: =COUNTIFS(Signals!$A:$A,$A$11,Signals!$E:$E,">=0.60",Signals!$E:$E,"<0.70",Signals!$N:$N,"YES")+COUNTIFS(Signals!$A:$A,$A$11,Signals!$E:$E,">=0.60",Signals!$E:$E,"<0.70",Signals!$N:$N,"NO") | I11: =IF(B11=0,"insufficient data",IF(AND(E11>C11,E11>G11),"✓ YES","NO"))
A12: 2026-05-27 | B12: =COUNTIFS(Signals!$A:$A,$A$12,Signals!$N:$N,"YES")+COUNTIFS(Signals!$A:$A,$A$12,Signals!$N:$N,"NO") | C12: =IFERROR(COUNTIFS(Signals!$A:$A,$A$12,Signals!$E:$E,">=0.40",Signals!$E:$E,"<0.50",Signals!$N:$N,"YES")/(COUNTIFS(Signals!$A:$A,$A$12,Signals!$E:$E,">=0.40",Signals!$E:$E,"<0.50",Signals!$N:$N,"YES")+COUNTIFS(Signals!$A:$A,$A$12,Signals!$E:$E,">=0.40",Signals!$E:$E,"<0.50",Signals!$N:$N,"NO")),"") | D12: =COUNTIFS(Signals!$A:$A,$A$12,Signals!$E:$E,">=0.40",Signals!$E:$E,"<0.50",Signals!$N:$N,"YES")+COUNTIFS(Signals!$A:$A,$A$12,Signals!$E:$E,">=0.40",Signals!$E:$E,"<0.50",Signals!$N:$N,"NO") | E12: =IFERROR(COUNTIFS(Signals!$A:$A,$A$12,Signals!$E:$E,">=0.50",Signals!$E:$E,"<0.60",Signals!$N:$N,"YES")/(COUNTIFS(Signals!$A:$A,$A$12,Signals!$E:$E,">=0.50",Signals!$E:$E,"<0.60",Signals!$N:$N,"YES")+COUNTIFS(Signals!$A:$A,$A$12,Signals!$E:$E,">=0.50",Signals!$E:$E,"<0.60",Signals!$N:$N,"NO")),"") | F12: =COUNTIFS(Signals!$A:$A,$A$12,Signals!$E:$E,">=0.50",Signals!$E:$E,"<0.60",Signals!$N:$N,"YES")+COUNTIFS(Signals!$A:$A,$A$12,Signals!$E:$E,">=0.50",Signals!$E:$E,"<0.60",Signals!$N:$N,"NO") | G12: =IFERROR(COUNTIFS(Signals!$A:$A,$A$12,Signals!$E:$E,">=0.60",Signals!$E:$E,"<0.70",Signals!$N:$N,"YES")/(COUNTIFS(Signals!$A:$A,$A$12,Signals!$E:$E,">=0.60",Signals!$E:$E,"<0.70",Signals!$N:$N,"YES")+COUNTIFS(Signals!$A:$A,$A$12,Signals!$E:$E,">=0.60",Signals!$E:$E,"<0.70",Signals!$N:$N,"NO")),"") | H12: =COUNTIFS(Signals!$A:$A,$A$12,Signals!$E:$E,">=0.60",Signals!$E:$E,"<0.70",Signals!$N:$N,"YES")+COUNTIFS(Signals!$A:$A,$A$12,Signals!$E:$E,">=0.60",Signals!$E:$E,"<0.70",Signals!$N:$N,"NO") | I12: =IF(B12=0,"insufficient data",IF(AND(E12>C12,E12>G12),"✓ YES","NO"))
A13: 2026-05-28 | B13: =COUNTIFS(Signals!$A:$A,$A$13,Signals!$N:$N,"YES")+COUNTIFS(Signals!$A:$A,$A$13,Signals!$N:$N,"NO") | C13: =IFERROR(COUNTIFS(Signals!$A:$A,$A$13,Signals!$E:$E,">=0.40",Signals!$E:$E,"<0.50",Signals!$N:$N,"YES")/(COUNTIFS(Signals!$A:$A,$A$13,Signals!$E:$E,">=0.40",Signals!$E:$E,"<0.50",Signals!$N:$N,"YES")+COUNTIFS(Signals!$A:$A,$A$13,Signals!$E:$E,">=0.40",Signals!$E:$E,"<0.50",Signals!$N:$N,"NO")),"") | D13: =COUNTIFS(Signals!$A:$A,$A$13,Signals!$E:$E,">=0.40",Signals!$E:$E,"<0.50",Signals!$N:$N,"YES")+COUNTIFS(Signals!$A:$A,$A$13,Signals!$E:$E,">=0.40",Signals!$E:$E,"<0.50",Signals!$N:$N,"NO") | E13: =IFERROR(COUNTIFS(Signals!$A:$A,$A$13,Signals!$E:$E,">=0.50",Signals!$E:$E,"<0.60",Signals!$N:$N,"YES")/(COUNTIFS(Signals!$A:$A,$A$13,Signals!$E:$E,">=0.50",Signals!$E:$E,"<0.60",Signals!$N:$N,"YES")+COUNTIFS(Signals!$A:$A,$A$13,Signals!$E:$E,">=0.50",Signals!$E:$E,"<0.60",Signals!$N:$N,"NO")),"") | F13: =COUNTIFS(Signals!$A:$A,$A$13,Signals!$E:$E,">=0.50",Signals!$E:$E,"<0.60",Signals!$N:$N,"YES")+COUNTIFS(Signals!$A:$A,$A$13,Signals!$E:$E,">=0.50",Signals!$E:$E,"<0.60",Signals!$N:$N,"NO") | G13: =IFERROR(COUNTIFS(Signals!$A:$A,$A$13,Signals!$E:$E,">=0.60",Signals!$E:$E,"<0.70",Signals!$N:$N,"YES")/(COUNTIFS(Signals!$A:$A,$A$13,Signals!$E:$E,">=0.60",Signals!$E:$E,"<0.70",Signals!$N:$N,"YES")+COUNTIFS(Signals!$A:$A,$A$13,Signals!$E:$E,">=0.60",Signals!$E:$E,"<0.70",Signals!$N:$N,"NO")),"") | H13: =COUNTIFS(Signals!$A:$A,$A$13,Signals!$E:$E,">=0.60",Signals!$E:$E,"<0.70",Signals!$N:$N,"YES")+COUNTIFS(Signals!$A:$A,$A$13,Signals!$E:$E,">=0.60",Signals!$E:$E,"<0.70",Signals!$N:$N,"NO") | I13: =IF(B13=0,"insufficient data",IF(AND(E13>C13,E13>G13),"✓ YES","NO"))
A14: 2026-05-29 | B14: =COUNTIFS(Signals!$A:$A,$A$14,Signals!$N:$N,"YES")+COUNTIFS(Signals!$A:$A,$A$14,Signals!$N:$N,"NO") | C14: =IFERROR(COUNTIFS(Signals!$A:$A,$A$14,Signals!$E:$E,">=0.40",Signals!$E:$E,"<0.50",Signals!$N:$N,"YES")/(COUNTIFS(Signals!$A:$A,$A$14,Signals!$E:$E,">=0.40",Signals!$E:$E,"<0.50",Signals!$N:$N,"YES")+COUNTIFS(Signals!$A:$A,$A$14,Signals!$E:$E,">=0.40",Signals!$E:$E,"<0.50",Signals!$N:$N,"NO")),"") | D14: =COUNTIFS(Signals!$A:$A,$A$14,Signals!$E:$E,">=0.40",Signals!$E:$E,"<0.50",Signals!$N:$N,"YES")+COUNTIFS(Signals!$A:$A,$A$14,Signals!$E:$E,">=0.40",Signals!$E:$E,"<0.50",Signals!$N:$N,"NO") | E14: =IFERROR(COUNTIFS(Signals!$A:$A,$A$14,Signals!$E:$E,">=0.50",Signals!$E:$E,"<0.60",Signals!$N:$N,"YES")/(COUNTIFS(Signals!$A:$A,$A$14,Signals!$E:$E,">=0.50",Signals!$E:$E,"<0.60",Signals!$N:$N,"YES")+COUNTIFS(Signals!$A:$A,$A$14,Signals!$E:$E,">=0.50",Signals!$E:$E,"<0.60",Signals!$N:$N,"NO")),"") | F14: =COUNTIFS(Signals!$A:$A,$A$14,Signals!$E:$E,">=0.50",Signals!$E:$E,"<0.60",Signals!$N:$N,"YES")+COUNTIFS(Signals!$A:$A,$A$14,Signals!$E:$E,">=0.50",Signals!$E:$E,"<0.60",Signals!$N:$N,"NO") | G14: =IFERROR(COUNTIFS(Signals!$A:$A,$A$14,Signals!$E:$E,">=0.60",Signals!$E:$E,"<0.70",Signals!$N:$N,"YES")/(COUNTIFS(Signals!$A:$A,$A$14,Signals!$E:$E,">=0.60",Signals!$E:$E,"<0.70",Signals!$N:$N,"YES")+COUNTIFS(Signals!$A:$A,$A$14,Signals!$E:$E,">=0.60",Signals!$E:$E,"<0.70",Signals!$N:$N,"NO")),"") | H14: =COUNTIFS(Signals!$A:$A,$A$14,Signals!$E:$E,">=0.60",Signals!$E:$E,"<0.70",Signals!$N:$N,"YES")+COUNTIFS(Signals!$A:$A,$A$14,Signals!$E:$E,">=0.60",Signals!$E:$E,"<0.70",Signals!$N:$N,"NO") | I14: =IF(B14=0,"insufficient data",IF(AND(E14>C14,E14>G14),"✓ YES","NO"))
A15: 2026-06-01 | B15: =COUNTIFS(Signals!$A:$A,$A$15,Signals!$N:$N,"YES")+COUNTIFS(Signals!$A:$A,$A$15,Signals!$N:$N,"NO") | C15: =IFERROR(COUNTIFS(Signals!$A:$A,$A$15,Signals!$E:$E,">=0.40",Signals!$E:$E,"<0.50",Signals!$N:$N,"YES")/(COUNTIFS(Signals!$A:$A,$A$15,Signals!$E:$E,">=0.40",Signals!$E:$E,"<0.50",Signals!$N:$N,"YES")+COUNTIFS(Signals!$A:$A,$A$15,Signals!$E:$E,">=0.40",Signals!$E:$E,"<0.50",Signals!$N:$N,"NO")),"") | D15: =COUNTIFS(Signals!$A:$A,$A$15,Signals!$E:$E,">=0.40",Signals!$E:$E,"<0.50",Signals!$N:$N,"YES")+COUNTIFS(Signals!$A:$A,$A$15,Signals!$E:$E,">=0.40",Signals!$E:$E,"<0.50",Signals!$N:$N,"NO") | E15: =IFERROR(COUNTIFS(Signals!$A:$A,$A$15,Signals!$E:$E,">=0.50",Signals!$E:$E,"<0.60",Signals!$N:$N,"YES")/(COUNTIFS(Signals!$A:$A,$A$15,Signals!$E:$E,">=0.50",Signals!$E:$E,"<0.60",Signals!$N:$N,"YES")+COUNTIFS(Signals!$A:$A,$A$15,Signals!$E:$E,">=0.50",Signals!$E:$E,"<0.60",Signals!$N:$N,"NO")),"") | F15: =COUNTIFS(Signals!$A:$A,$A$15,Signals!$E:$E,">=0.50",Signals!$E:$E,"<0.60",Signals!$N:$N,"YES")+COUNTIFS(Signals!$A:$A,$A$15,Signals!$E:$E,">=0.50",Signals!$E:$E,"<0.60",Signals!$N:$N,"NO") | G15: =IFERROR(COUNTIFS(Signals!$A:$A,$A$15,Signals!$E:$E,">=0.60",Signals!$E:$E,"<0.70",Signals!$N:$N,"YES")/(COUNTIFS(Signals!$A:$A,$A$15,Signals!$E:$E,">=0.60",Signals!$E:$E,"<0.70",Signals!$N:$N,"YES")+COUNTIFS(Signals!$A:$A,$A$15,Signals!$E:$E,">=0.60",Signals!$E:$E,"<0.70",Signals!$N:$N,"NO")),"") | H15: =COUNTIFS(Signals!$A:$A,$A$15,Signals!$E:$E,">=0.60",Signals!$E:$E,"<0.70",Signals!$N:$N,"YES")+COUNTIFS(Signals!$A:$A,$A$15,Signals!$E:$E,">=0.60",Signals!$E:$E,"<0.70",Signals!$N:$N,"NO") | I15: =IF(B15=0,"insufficient data",IF(AND(E15>C15,E15>G15),"✓ YES","NO"))
A16: 2026-06-02 | B16: =COUNTIFS(Signals!$A:$A,$A$16,Signals!$N:$N,"YES")+COUNTIFS(Signals!$A:$A,$A$16,Signals!$N:$N,"NO") | C16: =IFERROR(COUNTIFS(Signals!$A:$A,$A$16,Signals!$E:$E,">=0.40",Signals!$E:$E,"<0.50",Signals!$N:$N,"YES")/(COUNTIFS(Signals!$A:$A,$A$16,Signals!$E:$E,">=0.40",Signals!$E:$E,"<0.50",Signals!$N:$N,"YES")+COUNTIFS(Signals!$A:$A,$A$16,Signals!$E:$E,">=0.40",Signals!$E:$E,"<0.50",Signals!$N:$N,"NO")),"") | D16: =COUNTIFS(Signals!$A:$A,$A$16,Signals!$E:$E,">=0.40",Signals!$E:$E,"<0.50",Signals!$N:$N,"YES")+COUNTIFS(Signals!$A:$A,$A$16,Signals!$E:$E,">=0.40",Signals!$E:$E,"<0.50",Signals!$N:$N,"NO") | E16: =IFERROR(COUNTIFS(Signals!$A:$A,$A$16,Signals!$E:$E,">=0.50",Signals!$E:$E,"<0.60",Signals!$N:$N,"YES")/(COUNTIFS(Signals!$A:$A,$A$16,Signals!$E:$E,">=0.50",Signals!$E:$E,"<0.60",Signals!$N:$N,"YES")+COUNTIFS(Signals!$A:$A,$A$16,Signals!$E:$E,">=0.50",Signals!$E:$E,"<0.60",Signals!$N:$N,"NO")),"") | F16: =COUNTIFS(Signals!$A:$A,$A$16,Signals!$E:$E,">=0.50",Signals!$E:$E,"<0.60",Signals!$N:$N,"YES")+COUNTIFS(Signals!$A:$A,$A$16,Signals!$E:$E,">=0.50",Signals!$E:$E,"<0.60",Signals!$N:$N,"NO") | G16: =IFERROR(COUNTIFS(Signals!$A:$A,$A$16,Signals!$E:$E,">=0.60",Signals!$E:$E,"<0.70",Signals!$N:$N,"YES")/(COUNTIFS(Signals!$A:$A,$A$16,Signals!$E:$E,">=0.60",Signals!$E:$E,"<0.70",Signals!$N:$N,"YES")+COUNTIFS(Signals!$A:$A,$A$16,Signals!$E:$E,">=0.60",Signals!$E:$E,"<0.70",Signals!$N:$N,"NO")),"") | H16: =COUNTIFS(Signals!$A:$A,$A$16,Signals!$E:$E,">=0.60",Signals!$E:$E,"<0.70",Signals!$N:$N,"YES")+COUNTIFS(Signals!$A:$A,$A$16,Signals!$E:$E,">=0.60",Signals!$E:$E,"<0.70",Signals!$N:$N,"NO") | I16: =IF(B16=0,"insufficient data",IF(AND(E16>C16,E16>G16),"✓ YES","NO"))
A17: 2026-06-03 | B17: =COUNTIFS(Signals!$A:$A,$A$17,Signals!$N:$N,"YES")+COUNTIFS(Signals!$A:$A,$A$17,Signals!$N:$N,"NO") | C17: =IFERROR(COUNTIFS(Signals!$A:$A,$A$17,Signals!$E:$E,">=0.40",Signals!$E:$E,"<0.50",Signals!$N:$N,"YES")/(COUNTIFS(Signals!$A:$A,$A$17,Signals!$E:$E,">=0.40",Signals!$E:$E,"<0.50",Signals!$N:$N,"YES")+COUNTIFS(Signals!$A:$A,$A$17,Signals!$E:$E,">=0.40",Signals!$E:$E,"<0.50",Signals!$N:$N,"NO")),"") | D17: =COUNTIFS(Signals!$A:$A,$A$17,Signals!$E:$E,">=0.40",Signals!$E:$E,"<0.50",Signals!$N:$N,"YES")+COUNTIFS(Signals!$A:$A,$A$17,Signals!$E:$E,">=0.40",Signals!$E:$E,"<0.50",Signals!$N:$N,"NO") | E17: =IFERROR(COUNTIFS(Signals!$A:$A,$A$17,Signals!$E:$E,">=0.50",Signals!$E:$E,"<0.60",Signals!$N:$N,"YES")/(COUNTIFS(Signals!$A:$A,$A$17,Signals!$E:$E,">=0.50",Signals!$E:$E,"<0.60",Signals!$N:$N,"YES")+COUNTIFS(Signals!$A:$A,$A$17,Signals!$E:$E,">=0.50",Signals!$E:$E,"<0.60",Signals!$N:$N,"NO")),"") | F17: =COUNTIFS(Signals!$A:$A,$A$17,Signals!$E:$E,">=0.50",Signals!$E:$E,"<0.60",Signals!$N:$N,"YES")+COUNTIFS(Signals!$A:$A,$A$17,Signals!$E:$E,">=0.50",Signals!$E:$E,"<0.60",Signals!$N:$N,"NO") | G17: =IFERROR(COUNTIFS(Signals!$A:$A,$A$17,Signals!$E:$E,">=0.60",Signals!$E:$E,"<0.70",Signals!$N:$N,"YES")/(COUNTIFS(Signals!$A:$A,$A$17,Signals!$E:$E,">=0.60",Signals!$E:$E,"<0.70",Signals!$N:$N,"YES")+COUNTIFS(Signals!$A:$A,$A$17,Signals!$E:$E,">=0.60",Signals!$E:$E,"<0.70",Signals!$N:$N,"NO")),"") | H17: =COUNTIFS(Signals!$A:$A,$A$17,Signals!$E:$E,">=0.60",Signals!$E:$E,"<0.70",Signals!$N:$N,"YES")+COUNTIFS(Signals!$A:$A,$A$17,Signals!$E:$E,">=0.60",Signals!$E:$E,"<0.70",Signals!$N:$N,"NO") | I17: =IF(B17=0,"insufficient data",IF(AND(E17>C17,E17>G17),"✓ YES","NO"))
A18: 2026-06-04 | B18: =COUNTIFS(Signals!$A:$A,$A$18,Signals!$N:$N,"YES")+COUNTIFS(Signals!$A:$A,$A$18,Signals!$N:$N,"NO") | C18: =IFERROR(COUNTIFS(Signals!$A:$A,$A$18,Signals!$E:$E,">=0.40",Signals!$E:$E,"<0.50",Signals!$N:$N,"YES")/(COUNTIFS(Signals!$A:$A,$A$18,Signals!$E:$E,">=0.40",Signals!$E:$E,"<0.50",Signals!$N:$N,"YES")+COUNTIFS(Signals!$A:$A,$A$18,Signals!$E:$E,">=0.40",Signals!$E:$E,"<0.50",Signals!$N:$N,"NO")),"") | D18: =COUNTIFS(Signals!$A:$A,$A$18,Signals!$E:$E,">=0.40",Signals!$E:$E,"<0.50",Signals!$N:$N,"YES")+COUNTIFS(Signals!$A:$A,$A$18,Signals!$E:$E,">=0.40",Signals!$E:$E,"<0.50",Signals!$N:$N,"NO") | E18: =IFERROR(COUNTIFS(Signals!$A:$A,$A$18,Signals!$E:$E,">=0.50",Signals!$E:$E,"<0.60",Signals!$N:$N,"YES")/(COUNTIFS(Signals!$A:$A,$A$18,Signals!$E:$E,">=0.50",Signals!$E:$E,"<0.60",Signals!$N:$N,"YES")+COUNTIFS(Signals!$A:$A,$A$18,Signals!$E:$E,">=0.50",Signals!$E:$E,"<0.60",Signals!$N:$N,"NO")),"") | F18: =COUNTIFS(Signals!$A:$A,$A$18,Signals!$E:$E,">=0.50",Signals!$E:$E,"<0.60",Signals!$N:$N,"YES")+COUNTIFS(Signals!$A:$A,$A$18,Signals!$E:$E,">=0.50",Signals!$E:$E,"<0.60",Signals!$N:$N,"NO") | G18: =IFERROR(COUNTIFS(Signals!$A:$A,$A$18,Signals!$E:$E,">=0.60",Signals!$E:$E,"<0.70",Signals!$N:$N,"YES")/(COUNTIFS(Signals!$A:$A,$A$18,Signals!$E:$E,">=0.60",Signals!$E:$E,"<0.70",Signals!$N:$N,"YES")+COUNTIFS(Signals!$A:$A,$A$18,Signals!$E:$E,">=0.60",Signals!$E:$E,"<0.70",Signals!$N:$N,"NO")),"") | H18: =COUNTIFS(Signals!$A:$A,$A$18,Signals!$E:$E,">=0.60",Signals!$E:$E,"<0.70",Signals!$N:$N,"YES")+COUNTIFS(Signals!$A:$A,$A$18,Signals!$E:$E,">=0.60",Signals!$E:$E,"<0.70",Signals!$N:$N,"NO") | I18: =IF(B18=0,"insufficient data",IF(AND(E18>C18,E18>G18),"✓ YES","NO"))
A19: 2026-06-05 | B19: =COUNTIFS(Signals!$A:$A,$A$19,Signals!$N:$N,"YES")+COUNTIFS(Signals!$A:$A,$A$19,Signals!$N:$N,"NO") | C19: =IFERROR(COUNTIFS(Signals!$A:$A,$A$19,Signals!$E:$E,">=0.40",Signals!$E:$E,"<0.50",Signals!$N:$N,"YES")/(COUNTIFS(Signals!$A:$A,$A$19,Signals!$E:$E,">=0.40",Signals!$E:$E,"<0.50",Signals!$N:$N,"YES")+COUNTIFS(Signals!$A:$A,$A$19,Signals!$E:$E,">=0.40",Signals!$E:$E,"<0.50",Signals!$N:$N,"NO")),"") | D19: =COUNTIFS(Signals!$A:$A,$A$19,Signals!$E:$E,">=0.40",Signals!$E:$E,"<0.50",Signals!$N:$N,"YES")+COUNTIFS(Signals!$A:$A,$A$19,Signals!$E:$E,">=0.40",Signals!$E:$E,"<0.50",Signals!$N:$N,"NO") | E19: =IFERROR(COUNTIFS(Signals!$A:$A,$A$19,Signals!$E:$E,">=0.50",Signals!$E:$E,"<0.60",Signals!$N:$N,"YES")/(COUNTIFS(Signals!$A:$A,$A$19,Signals!$E:$E,">=0.50",Signals!$E:$E,"<0.60",Signals!$N:$N,"YES")+COUNTIFS(Signals!$A:$A,$A$19,Signals!$E:$E,">=0.50",Signals!$E:$E,"<0.60",Signals!$N:$N,"NO")),"") | F19: =COUNTIFS(Signals!$A:$A,$A$19,Signals!$E:$E,">=0.50",Signals!$E:$E,"<0.60",Signals!$N:$N,"YES")+COUNTIFS(Signals!$A:$A,$A$19,Signals!$E:$E,">=0.50",Signals!$E:$E,"<0.60",Signals!$N:$N,"NO") | G19: =IFERROR(COUNTIFS(Signals!$A:$A,$A$19,Signals!$E:$E,">=0.60",Signals!$E:$E,"<0.70",Signals!$N:$N,"YES")/(COUNTIFS(Signals!$A:$A,$A$19,Signals!$E:$E,">=0.60",Signals!$E:$E,"<0.70",Signals!$N:$N,"YES")+COUNTIFS(Signals!$A:$A,$A$19,Signals!$E:$E,">=0.60",Signals!$E:$E,"<0.70",Signals!$N:$N,"NO")),"") | H19: =COUNTIFS(Signals!$A:$A,$A$19,Signals!$E:$E,">=0.60",Signals!$E:$E,"<0.70",Signals!$N:$N,"YES")+COUNTIFS(Signals!$A:$A,$A$19,Signals!$E:$E,">=0.60",Signals!$E:$E,"<0.70",Signals!$N:$N,"NO") | I19: =IF(B19=0,"insufficient data",IF(AND(E19>C19,E19>G19),"✓ YES","NO"))
A20: 2026-06-08 | B20: =COUNTIFS(Signals!$A:$A,$A$20,Signals!$N:$N,"YES")+COUNTIFS(Signals!$A:$A,$A$20,Signals!$N:$N,"NO") | C20: =IFERROR(COUNTIFS(Signals!$A:$A,$A$20,Signals!$E:$E,">=0.40",Signals!$E:$E,"<0.50",Signals!$N:$N,"YES")/(COUNTIFS(Signals!$A:$A,$A$20,Signals!$E:$E,">=0.40",Signals!$E:$E,"<0.50",Signals!$N:$N,"YES")+COUNTIFS(Signals!$A:$A,$A$20,Signals!$E:$E,">=0.40",Signals!$E:$E,"<0.50",Signals!$N:$N,"NO")),"") | D20: =COUNTIFS(Signals!$A:$A,$A$20,Signals!$E:$E,">=0.40",Signals!$E:$E,"<0.50",Signals!$N:$N,"YES")+COUNTIFS(Signals!$A:$A,$A$20,Signals!$E:$E,">=0.40",Signals!$E:$E,"<0.50",Signals!$N:$N,"NO") | E20: =IFERROR(COUNTIFS(Signals!$A:$A,$A$20,Signals!$E:$E,">=0.50",Signals!$E:$E,"<0.60",Signals!$N:$N,"YES")/(COUNTIFS(Signals!$A:$A,$A$20,Signals!$E:$E,">=0.50",Signals!$E:$E,"<0.60",Signals!$N:$N,"YES")+COUNTIFS(Signals!$A:$A,$A$20,Signals!$E:$E,">=0.50",Signals!$E:$E,"<0.60",Signals!$N:$N,"NO")),"") | F20: =COUNTIFS(Signals!$A:$A,$A$20,Signals!$E:$E,">=0.50",Signals!$E:$E,"<0.60",Signals!$N:$N,"YES")+COUNTIFS(Signals!$A:$A,$A$20,Signals!$E:$E,">=0.50",Signals!$E:$E,"<0.60",Signals!$N:$N,"NO") | G20: =IFERROR(COUNTIFS(Signals!$A:$A,$A$20,Signals!$E:$E,">=0.60",Signals!$E:$E,"<0.70",Signals!$N:$N,"YES")/(COUNTIFS(Signals!$A:$A,$A$20,Signals!$E:$E,">=0.60",Signals!$E:$E,"<0.70",Signals!$N:$N,"YES")+COUNTIFS(Signals!$A:$A,$A$20,Signals!$E:$E,">=0.60",Signals!$E:$E,"<0.70",Signals!$N:$N,"NO")),"") | H20: =COUNTIFS(Signals!$A:$A,$A$20,Signals!$E:$E,">=0.60",Signals!$E:$E,"<0.70",Signals!$N:$N,"YES")+COUNTIFS(Signals!$A:$A,$A$20,Signals!$E:$E,">=0.60",Signals!$E:$E,"<0.70",Signals!$N:$N,"NO") | I20: =IF(B20=0,"insufficient data",IF(AND(E20>C20,E20>G20),"✓ YES","NO"))
A21: 2026-06-09 | B21: =COUNTIFS(Signals!$A:$A,$A$21,Signals!$N:$N,"YES")+COUNTIFS(Signals!$A:$A,$A$21,Signals!$N:$N,"NO") | C21: =IFERROR(COUNTIFS(Signals!$A:$A,$A$21,Signals!$E:$E,">=0.40",Signals!$E:$E,"<0.50",Signals!$N:$N,"YES")/(COUNTIFS(Signals!$A:$A,$A$21,Signals!$E:$E,">=0.40",Signals!$E:$E,"<0.50",Signals!$N:$N,"YES")+COUNTIFS(Signals!$A:$A,$A$21,Signals!$E:$E,">=0.40",Signals!$E:$E,"<0.50",Signals!$N:$N,"NO")),"") | D21: =COUNTIFS(Signals!$A:$A,$A$21,Signals!$E:$E,">=0.40",Signals!$E:$E,"<0.50",Signals!$N:$N,"YES")+COUNTIFS(Signals!$A:$A,$A$21,Signals!$E:$E,">=0.40",Signals!$E:$E,"<0.50",Signals!$N:$N,"NO") | E21: =IFERROR(COUNTIFS(Signals!$A:$A,$A$21,Signals!$E:$E,">=0.50",Signals!$E:$E,"<0.60",Signals!$N:$N,"YES")/(COUNTIFS(Signals!$A:$A,$A$21,Signals!$E:$E,">=0.50",Signals!$E:$E,"<0.60",Signals!$N:$N,"YES")+COUNTIFS(Signals!$A:$A,$A$21,Signals!$E:$E,">=0.50",Signals!$E:$E,"<0.60",Signals!$N:$N,"NO")),"") | F21: =COUNTIFS(Signals!$A:$A,$A$21,Signals!$E:$E,">=0.50",Signals!$E:$E,"<0.60",Signals!$N:$N,"YES")+COUNTIFS(Signals!$A:$A,$A$21,Signals!$E:$E,">=0.50",Signals!$E:$E,"<0.60",Signals!$N:$N,"NO") | G21: =IFERROR(COUNTIFS(Signals!$A:$A,$A$21,Signals!$E:$E,">=0.60",Signals!$E:$E,"<0.70",Signals!$N:$N,"YES")/(COUNTIFS(Signals!$A:$A,$A$21,Signals!$E:$E,">=0.60",Signals!$E:$E,"<0.70",Signals!$N:$N,"YES")+COUNTIFS(Signals!$A:$A,$A$21,Signals!$E:$E,">=0.60",Signals!$E:$E,"<0.70",Signals!$N:$N,"NO")),"") | H21: =COUNTIFS(Signals!$A:$A,$A$21,Signals!$E:$E,">=0.60",Signals!$E:$E,"<0.70",Signals!$N:$N,"YES")+COUNTIFS(Signals!$A:$A,$A$21,Signals!$E:$E,">=0.60",Signals!$E:$E,"<0.70",Signals!$N:$N,"NO") | I21: =IF(B21=0,"insufficient data",IF(AND(E21>C21,E21>G21),"✓ YES","NO"))
A22: 2026-06-10 | B22: =COUNTIFS(Signals!$A:$A,$A$22,Signals!$N:$N,"YES")+COUNTIFS(Signals!$A:$A,$A$22,Signals!$N:$N,"NO") | C22: =IFERROR(COUNTIFS(Signals!$A:$A,$A$22,Signals!$E:$E,">=0.40",Signals!$E:$E,"<0.50",Signals!$N:$N,"YES")/(COUNTIFS(Signals!$A:$A,$A$22,Signals!$E:$E,">=0.40",Signals!$E:$E,"<0.50",Signals!$N:$N,"YES")+COUNTIFS(Signals!$A:$A,$A$22,Signals!$E:$E,">=0.40",Signals!$E:$E,"<0.50",Signals!$N:$N,"NO")),"") | D22: =COUNTIFS(Signals!$A:$A,$A$22,Signals!$E:$E,">=0.40",Signals!$E:$E,"<0.50",Signals!$N:$N,"YES")+COUNTIFS(Signals!$A:$A,$A$22,Signals!$E:$E,">=0.40",Signals!$E:$E,"<0.50",Signals!$N:$N,"NO") | E22: =IFERROR(COUNTIFS(Signals!$A:$A,$A$22,Signals!$E:$E,">=0.50",Signals!$E:$E,"<0.60",Signals!$N:$N,"YES")/(COUNTIFS(Signals!$A:$A,$A$22,Signals!$E:$E,">=0.50",Signals!$E:$E,"<0.60",Signals!$N:$N,"YES")+COUNTIFS(Signals!$A:$A,$A$22,Signals!$E:$E,">=0.50",Signals!$E:$E,"<0.60",Signals!$N:$N,"NO")),"") | F22: =COUNTIFS(Signals!$A:$A,$A$22,Signals!$E:$E,">=0.50",Signals!$E:$E,"<0.60",Signals!$N:$N,"YES")+COUNTIFS(Signals!$A:$A,$A$22,Signals!$E:$E,">=0.50",Signals!$E:$E,"<0.60",Signals!$N:$N,"NO") | G22: =IFERROR(COUNTIFS(Signals!$A:$A,$A$22,Signals!$E:$E,">=0.60",Signals!$E:$E,"<0.70",Signals!$N:$N,"YES")/(COUNTIFS(Signals!$A:$A,$A$22,Signals!$E:$E,">=0.60",Signals!$E:$E,"<0.70",Signals!$N:$N,"YES")+COUNTIFS(Signals!$A:$A,$A$22,Signals!$E:$E,">=0.60",Signals!$E:$E,"<0.70",Signals!$N:$N,"NO")),"") | H22: =COUNTIFS(Signals!$A:$A,$A$22,Signals!$E:$E,">=0.60",Signals!$E:$E,"<0.70",Signals!$N:$N,"YES")+COUNTIFS(Signals!$A:$A,$A$22,Signals!$E:$E,">=0.60",Signals!$E:$E,"<0.70",Signals!$N:$N,"NO") | I22: =IF(B22=0,"insufficient data",IF(AND(E22>C22,E22>G22),"✓ YES","NO"))
A23: 2026-06-11 | B23: =COUNTIFS(Signals!$A:$A,$A$23,Signals!$N:$N,"YES")+COUNTIFS(Signals!$A:$A,$A$23,Signals!$N:$N,"NO") | C23: =IFERROR(COUNTIFS(Signals!$A:$A,$A$23,Signals!$E:$E,">=0.40",Signals!$E:$E,"<0.50",Signals!$N:$N,"YES")/(COUNTIFS(Signals!$A:$A,$A$23,Signals!$E:$E,">=0.40",Signals!$E:$E,"<0.50",Signals!$N:$N,"YES")+COUNTIFS(Signals!$A:$A,$A$23,Signals!$E:$E,">=0.40",Signals!$E:$E,"<0.50",Signals!$N:$N,"NO")),"") | D23: =COUNTIFS(Signals!$A:$A,$A$23,Signals!$E:$E,">=0.40",Signals!$E:$E,"<0.50",Signals!$N:$N,"YES")+COUNTIFS(Signals!$A:$A,$A$23,Signals!$E:$E,">=0.40",Signals!$E:$E,"<0.50",Signals!$N:$N,"NO") | E23: =IFERROR(COUNTIFS(Signals!$A:$A,$A$23,Signals!$E:$E,">=0.50",Signals!$E:$E,"<0.60",Signals!$N:$N,"YES")/(COUNTIFS(Signals!$A:$A,$A$23,Signals!$E:$E,">=0.50",Signals!$E:$E,"<0.60",Signals!$N:$N,"YES")+COUNTIFS(Signals!$A:$A,$A$23,Signals!$E:$E,">=0.50",Signals!$E:$E,"<0.60",Signals!$N:$N,"NO")),"") | F23: =COUNTIFS(Signals!$A:$A,$A$23,Signals!$E:$E,">=0.50",Signals!$E:$E,"<0.60",Signals!$N:$N,"YES")+COUNTIFS(Signals!$A:$A,$A$23,Signals!$E:$E,">=0.50",Signals!$E:$E,"<0.60",Signals!$N:$N,"NO") | G23: =IFERROR(COUNTIFS(Signals!$A:$A,$A$23,Signals!$E:$E,">=0.60",Signals!$E:$E,"<0.70",Signals!$N:$N,"YES")/(COUNTIFS(Signals!$A:$A,$A$23,Signals!$E:$E,">=0.60",Signals!$E:$E,"<0.70",Signals!$N:$N,"YES")+COUNTIFS(Signals!$A:$A,$A$23,Signals!$E:$E,">=0.60",Signals!$E:$E,"<0.70",Signals!$N:$N,"NO")),"") | H23: =COUNTIFS(Signals!$A:$A,$A$23,Signals!$E:$E,">=0.60",Signals!$E:$E,"<0.70",Signals!$N:$N,"YES")+COUNTIFS(Signals!$A:$A,$A$23,Signals!$E:$E,">=0.60",Signals!$E:$E,"<0.70",Signals!$N:$N,"NO") | I23: =IF(B23=0,"insufficient data",IF(AND(E23>C23,E23>G23),"✓ YES","NO"))
A24: 2026-06-12 | B24: =COUNTIFS(Signals!$A:$A,$A$24,Signals!$N:$N,"YES")+COUNTIFS(Signals!$A:$A,$A$24,Signals!$N:$N,"NO") | C24: =IFERROR(COUNTIFS(Signals!$A:$A,$A$24,Signals!$E:$E,">=0.40",Signals!$E:$E,"<0.50",Signals!$N:$N,"YES")/(COUNTIFS(Signals!$A:$A,$A$24,Signals!$E:$E,">=0.40",Signals!$E:$E,"<0.50",Signals!$N:$N,"YES")+COUNTIFS(Signals!$A:$A,$A$24,Signals!$E:$E,">=0.40",Signals!$E:$E,"<0.50",Signals!$N:$N,"NO")),"") | D24: =COUNTIFS(Signals!$A:$A,$A$24,Signals!$E:$E,">=0.40",Signals!$E:$E,"<0.50",Signals!$N:$N,"YES")+COUNTIFS(Signals!$A:$A,$A$24,Signals!$E:$E,">=0.40",Signals!$E:$E,"<0.50",Signals!$N:$N,"NO") | E24: =IFERROR(COUNTIFS(Signals!$A:$A,$A$24,Signals!$E:$E,">=0.50",Signals!$E:$E,"<0.60",Signals!$N:$N,"YES")/(COUNTIFS(Signals!$A:$A,$A$24,Signals!$E:$E,">=0.50",Signals!$E:$E,"<0.60",Signals!$N:$N,"YES")+COUNTIFS(Signals!$A:$A,$A$24,Signals!$E:$E,">=0.50",Signals!$E:$E,"<0.60",Signals!$N:$N,"NO")),"") | F24: =COUNTIFS(Signals!$A:$A,$A$24,Signals!$E:$E,">=0.50",Signals!$E:$E,"<0.60",Signals!$N:$N,"YES")+COUNTIFS(Signals!$A:$A,$A$24,Signals!$E:$E,">=0.50",Signals!$E:$E,"<0.60",Signals!$N:$N,"NO") | G24: =IFERROR(COUNTIFS(Signals!$A:$A,$A$24,Signals!$E:$E,">=0.60",Signals!$E:$E,"<0.70",Signals!$N:$N,"YES")/(COUNTIFS(Signals!$A:$A,$A$24,Signals!$E:$E,">=0.60",Signals!$E:$E,"<0.70",Signals!$N:$N,"YES")+COUNTIFS(Signals!$A:$A,$A$24,Signals!$E:$E,">=0.60",Signals!$E:$E,"<0.70",Signals!$N:$N,"NO")),"") | H24: =COUNTIFS(Signals!$A:$A,$A$24,Signals!$E:$E,">=0.60",Signals!$E:$E,"<0.70",Signals!$N:$N,"YES")+COUNTIFS(Signals!$A:$A,$A$24,Signals!$E:$E,">=0.60",Signals!$E:$E,"<0.70",Signals!$N:$N,"NO") | I24: =IF(B24=0,"insufficient data",IF(AND(E24>C24,E24>G24),"✓ YES","NO"))
A26: ACROSS ALL COHORTS | B26: =SUM(B6:B24) | C26: =AVERAGE(C6:C24) | E26: =AVERAGE(E6:E24) | G26: =AVERAGE(G6:G24) | I26: =COUNTIF(I6:I24,"✓ YES") & " of " & (COUNTIF(I6:I24,"✓ YES")+COUNTIF(I6:I24,"NO")) & " hold (cohorts w/ +5d data)"
A29: Section 2: Hit Rate by Data Quality (+5d, all cohorts combined)
A30: Data Quality | B30: Sample (with +5d) | C30: Hit Count | D30: Hit Rate | E30: Notes
A31: HIGH | B31: =COUNTIFS(Signals!$F:$F,"HIGH",Signals!$N:$N,"YES")+COUNTIFS(Signals!$F:$F,"HIGH",Signals!$N:$N,"NO") | C31: =COUNTIFS(Signals!$F:$F,"HIGH",Signals!$N:$N,"YES") | D31: =IFERROR(C31/B31,"")
A32: MEDIUM | B32: =COUNTIFS(Signals!$F:$F,"MEDIUM",Signals!$N:$N,"YES")+COUNTIFS(Signals!$F:$F,"MEDIUM",Signals!$N:$N,"NO") | C32: =COUNTIFS(Signals!$F:$F,"MEDIUM",Signals!$N:$N,"YES") | D32: =IFERROR(C32/B32,"")
A33: LOW | B33: =COUNTIFS(Signals!$F:$F,"LOW",Signals!$N:$N,"YES")+COUNTIFS(Signals!$F:$F,"LOW",Signals!$N:$N,"NO") | C33: =COUNTIFS(Signals!$F:$F,"LOW",Signals!$N:$N,"YES") | D33: =IFERROR(C33/B33,"")
A36: Section 3: Hit Rate by Signal Type (+5d, all cohorts)
A37: Signal Type | B37: Sample (with +5d) | C37: Hit Count | D37: Hit Rate | E37: Notes
A38: HOLD | B38: =COUNTIFS(Signals!$D:$D,"HOLD",Signals!$N:$N,"YES")+COUNTIFS(Signals!$D:$D,"HOLD",Signals!$N:$N,"NO") | C38: =COUNTIFS(Signals!$D:$D,"HOLD",Signals!$N:$N,"YES") | D38: =IFERROR(C38/B38,"") | E38: Bot says 'no significant move'; measured as |return| < 3%
A39: BUY | B39: =COUNTIFS(Signals!$D:$D,"BUY",Signals!$N:$N,"YES")+COUNTIFS(Signals!$D:$D,"BUY",Signals!$N:$N,"NO") | C39: =COUNTIFS(Signals!$D:$D,"BUY",Signals!$N:$N,"YES") | D39: =IFERROR(C39/B39,"") | E39: Bot says 'go up'; measured as return > 0
A40: SELL | B40: =COUNTIFS(Signals!$D:$D,"SELL",Signals!$N:$N,"YES")+COUNTIFS(Signals!$D:$D,"SELL",Signals!$N:$N,"NO") | C40: =COUNTIFS(Signals!$D:$D,"SELL",Signals!$N:$N,"YES") | D40: =IFERROR(C40/B40,"") | E40: Bot says 'go down'; measured as return < 0
A43: Reading Guide
A44: • All formulas are live — they refresh automatically as you fill +5d prices in the Signals tab.
A45: • Section 1 'Pattern Holds?' fires YES when the 50-59% band has a higher hit rate than both the 40-49% and 60-69% bands.
A46: • Once 3+ cohorts show 'Pattern Holds? = YES', the calibration finding is statistically meaningful.
A47: • Section 2 (Data Quality) — LOW outperforming MEDIUM is likely a confound, not skill. See analyst_notes.md.
A48: • Section 3 (Signal Type) — currently dominated by HOLD; BUY/SELL stats are sparse until more non-HOLD signals accumulate.
A51: Section 4: Phase 3-A Cohorts — Hit Rate by Confidence Band (+5d)
A52: Cohort Date | B52: Sample (with +5d) | C52: 40-49% Hit Rate | D52: 40-49% n | E52: 50-59% Hit Rate | F52: 50-59% n | G52: 60-69% Hit Rate | H52: 60-69% n | I52: Pattern Holds?
A53: 2026-06-15 | B53: =COUNTIFS(Signals!$A:$A,$A53,Signals!$N:$N,"YES")+COUNTIFS(Signals!$A:$A,$A53,Signals!$N:$N,"NO") | C53: =IFERROR(COUNTIFS(Signals!$A:$A,$A53,Signals!$E:$E,">=0.40",Signals!$E:$E,"<0.50",Signals!$N:$N,"YES")/(COUNTIFS(Signals!$A:$A,$A53,Signals!$E:$E,">=0.40",Signals!$E:$E,"<0.50",Signals!$N:$N,"YES")+COUNTIFS(Signals!$A:$A,$A53,Signals!$E:$E,">=0.40",Signals!$E:$E,"<0.50",Signals!$N:$N,"NO")),"") | D53: =COUNTIFS(Signals!$A:$A,$A53,Signals!$E:$E,">=0.40",Signals!$E:$E,"<0.50",Signals!$N:$N,"YES")+COUNTIFS(Signals!$A:$A,$A53,Signals!$E:$E,">=0.40",Signals!$E:$E,"<0.50",Signals!$N:$N,"NO") | E53: =IFERROR(COUNTIFS(Signals!$A:$A,$A53,Signals!$E:$E,">=0.50",Signals!$E:$E,"<0.60",Signals!$N:$N,"YES")/(COUNTIFS(Signals!$A:$A,$A53,Signals!$E:$E,">=0.50",Signals!$E:$E,"<0.60",Signals!$N:$N,"YES")+COUNTIFS(Signals!$A:$A,$A53,Signals!$E:$E,">=0.50",Signals!$E:$E,"<0.60",Signals!$N:$N,"NO")),"") | F53: =COUNTIFS(Signals!$A:$A,$A53,Signals!$E:$E,">=0.50",Signals!$E:$E,"<0.60",Signals!$N:$N,"YES")+COUNTIFS(Signals!$A:$A,$A53,Signals!$E:$E,">=0.50",Signals!$E:$E,"<0.60",Signals!$N:$N,"NO") | G53: =IFERROR(COUNTIFS(Signals!$A:$A,$A53,Signals!$E:$E,">=0.60",Signals!$E:$E,"<0.70",Signals!$N:$N,"YES")/(COUNTIFS(Signals!$A:$A,$A53,Signals!$E:$E,">=0.60",Signals!$E:$E,"<0.70",Signals!$N:$N,"YES")+COUNTIFS(Signals!$A:$A,$A53,Signals!$E:$E,">=0.60",Signals!$E:$E,"<0.70",Signals!$N:$N,"NO")),"") | H53: =COUNTIFS(Signals!$A:$A,$A53,Signals!$E:$E,">=0.60",Signals!$E:$E,"<0.70",Signals!$N:$N,"YES")+COUNTIFS(Signals!$A:$A,$A53,Signals!$E:$E,">=0.60",Signals!$E:$E,"<0.70",Signals!$N:$N,"NO") | I53: =IF(B53=0,"insufficient data",IF(AND(E53>C53,E53>G53),"✓ YES","NO"))
A54: 2026-06-16 | B54: =COUNTIFS(Signals!$A:$A,$A54,Signals!$N:$N,"YES")+COUNTIFS(Signals!$A:$A,$A54,Signals!$N:$N,"NO") | C54: =IFERROR(COUNTIFS(Signals!$A:$A,$A54,Signals!$E:$E,">=0.40",Signals!$E:$E,"<0.50",Signals!$N:$N,"YES")/(COUNTIFS(Signals!$A:$A,$A54,Signals!$E:$E,">=0.40",Signals!$E:$E,"<0.50",Signals!$N:$N,"YES")+COUNTIFS(Signals!$A:$A,$A54,Signals!$E:$E,">=0.40",Signals!$E:$E,"<0.50",Signals!$N:$N,"NO")),"") | D54: =COUNTIFS(Signals!$A:$A,$A54,Signals!$E:$E,">=0.40",Signals!$E:$E,"<0.50",Signals!$N:$N,"YES")+COUNTIFS(Signals!$A:$A,$A54,Signals!$E:$E,">=0.40",Signals!$E:$E,"<0.50",Signals!$N:$N,"NO") | E54: =IFERROR(COUNTIFS(Signals!$A:$A,$A54,Signals!$E:$E,">=0.50",Signals!$E:$E,"<0.60",Signals!$N:$N,"YES")/(COUNTIFS(Signals!$A:$A,$A54,Signals!$E:$E,">=0.50",Signals!$E:$E,"<0.60",Signals!$N:$N,"YES")+COUNTIFS(Signals!$A:$A,$A54,Signals!$E:$E,">=0.50",Signals!$E:$E,"<0.60",Signals!$N:$N,"NO")),"") | F54: =COUNTIFS(Signals!$A:$A,$A54,Signals!$E:$E,">=0.50",Signals!$E:$E,"<0.60",Signals!$N:$N,"YES")+COUNTIFS(Signals!$A:$A,$A54,Signals!$E:$E,">=0.50",Signals!$E:$E,"<0.60",Signals!$N:$N,"NO") | G54: =IFERROR(COUNTIFS(Signals!$A:$A,$A54,Signals!$E:$E,">=0.60",Signals!$E:$E,"<0.70",Signals!$N:$N,"YES")/(COUNTIFS(Signals!$A:$A,$A54,Signals!$E:$E,">=0.60",Signals!$E:$E,"<0.70",Signals!$N:$N,"YES")+COUNTIFS(Signals!$A:$A,$A54,Signals!$E:$E,">=0.60",Signals!$E:$E,"<0.70",Signals!$N:$N,"NO")),"") | H54: =COUNTIFS(Signals!$A:$A,$A54,Signals!$E:$E,">=0.60",Signals!$E:$E,"<0.70",Signals!$N:$N,"YES")+COUNTIFS(Signals!$A:$A,$A54,Signals!$E:$E,">=0.60",Signals!$E:$E,"<0.70",Signals!$N:$N,"NO") | I54: =IF(B54=0,"insufficient data",IF(AND(E54>C54,E54>G54),"✓ YES","NO"))
A55: 2026-06-17 | B55: =COUNTIFS(Signals!$A:$A,$A55,Signals!$N:$N,"YES")+COUNTIFS(Signals!$A:$A,$A55,Signals!$N:$N,"NO") | C55: =IFERROR(COUNTIFS(Signals!$A:$A,$A55,Signals!$E:$E,">=0.40",Signals!$E:$E,"<0.50",Signals!$N:$N,"YES")/(COUNTIFS(Signals!$A:$A,$A55,Signals!$E:$E,">=0.40",Signals!$E:$E,"<0.50",Signals!$N:$N,"YES")+COUNTIFS(Signals!$A:$A,$A55,Signals!$E:$E,">=0.40",Signals!$E:$E,"<0.50",Signals!$N:$N,"NO")),"") | D55: =COUNTIFS(Signals!$A:$A,$A55,Signals!$E:$E,">=0.40",Signals!$E:$E,"<0.50",Signals!$N:$N,"YES")+COUNTIFS(Signals!$A:$A,$A55,Signals!$E:$E,">=0.40",Signals!$E:$E,"<0.50",Signals!$N:$N,"NO") | E55: =IFERROR(COUNTIFS(Signals!$A:$A,$A55,Signals!$E:$E,">=0.50",Signals!$E:$E,"<0.60",Signals!$N:$N,"YES")/(COUNTIFS(Signals!$A:$A,$A55,Signals!$E:$E,">=0.50",Signals!$E:$E,"<0.60",Signals!$N:$N,"YES")+COUNTIFS(Signals!$A:$A,$A55,Signals!$E:$E,">=0.50",Signals!$E:$E,"<0.60",Signals!$N:$N,"NO")),"") | F55: =COUNTIFS(Signals!$A:$A,$A55,Signals!$E:$E,">=0.50",Signals!$E:$E,"<0.60",Signals!$N:$N,"YES")+COUNTIFS(Signals!$A:$A,$A55,Signals!$E:$E,">=0.50",Signals!$E:$E,"<0.60",Signals!$N:$N,"NO") | G55: =IFERROR(COUNTIFS(Signals!$A:$A,$A55,Signals!$E:$E,">=0.60",Signals!$E:$E,"<0.70",Signals!$N:$N,"YES")/(COUNTIFS(Signals!$A:$A,$A55,Signals!$E:$E,">=0.60",Signals!$E:$E,"<0.70",Signals!$N:$N,"YES")+COUNTIFS(Signals!$A:$A,$A55,Signals!$E:$E,">=0.60",Signals!$E:$E,"<0.70",Signals!$N:$N,"NO")),"") | H55: =COUNTIFS(Signals!$A:$A,$A55,Signals!$E:$E,">=0.60",Signals!$E:$E,"<0.70",Signals!$N:$N,"YES")+COUNTIFS(Signals!$A:$A,$A55,Signals!$E:$E,">=0.60",Signals!$E:$E,"<0.70",Signals!$N:$N,"NO") | I55: =IF(B55=0,"insufficient data",IF(AND(E55>C55,E55>G55),"✓ YES","NO"))
A56: 2026-06-18 | B56: =COUNTIFS(Signals!$A:$A,$A56,Signals!$N:$N,"YES")+COUNTIFS(Signals!$A:$A,$A56,Signals!$N:$N,"NO") | C56: =IFERROR(COUNTIFS(Signals!$A:$A,$A56,Signals!$E:$E,">=0.40",Signals!$E:$E,"<0.50",Signals!$N:$N,"YES")/(COUNTIFS(Signals!$A:$A,$A56,Signals!$E:$E,">=0.40",Signals!$E:$E,"<0.50",Signals!$N:$N,"YES")+COUNTIFS(Signals!$A:$A,$A56,Signals!$E:$E,">=0.40",Signals!$E:$E,"<0.50",Signals!$N:$N,"NO")),"") | D56: =COUNTIFS(Signals!$A:$A,$A56,Signals!$E:$E,">=0.40",Signals!$E:$E,"<0.50",Signals!$N:$N,"YES")+COUNTIFS(Signals!$A:$A,$A56,Signals!$E:$E,">=0.40",Signals!$E:$E,"<0.50",Signals!$N:$N,"NO") | E56: =IFERROR(COUNTIFS(Signals!$A:$A,$A56,Signals!$E:$E,">=0.50",Signals!$E:$E,"<0.60",Signals!$N:$N,"YES")/(COUNTIFS(Signals!$A:$A,$A56,Signals!$E:$E,">=0.50",Signals!$E:$E,"<0.60",Signals!$N:$N,"YES")+COUNTIFS(Signals!$A:$A,$A56,Signals!$E:$E,">=0.50",Signals!$E:$E,"<0.60",Signals!$N:$N,"NO")),"") | F56: =COUNTIFS(Signals!$A:$A,$A56,Signals!$E:$E,">=0.50",Signals!$E:$E,"<0.60",Signals!$N:$N,"YES")+COUNTIFS(Signals!$A:$A,$A56,Signals!$E:$E,">=0.50",Signals!$E:$E,"<0.60",Signals!$N:$N,"NO") | G56: =IFERROR(COUNTIFS(Signals!$A:$A,$A56,Signals!$E:$E,">=0.60",Signals!$E:$E,"<0.70",Signals!$N:$N,"YES")/(COUNTIFS(Signals!$A:$A,$A56,Signals!$E:$E,">=0.60",Signals!$E:$E,"<0.70",Signals!$N:$N,"YES")+COUNTIFS(Signals!$A:$A,$A56,Signals!$E:$E,">=0.60",Signals!$E:$E,"<0.70",Signals!$N:$N,"NO")),"") | H56: =COUNTIFS(Signals!$A:$A,$A56,Signals!$E:$E,">=0.60",Signals!$E:$E,"<0.70",Signals!$N:$N,"YES")+COUNTIFS(Signals!$A:$A,$A56,Signals!$E:$E,">=0.60",Signals!$E:$E,"<0.70",Signals!$N:$N,"NO") | I56: =IF(B56=0,"insufficient data",IF(AND(E56>C56,E56>G56),"✓ YES","NO"))
A57: 2026-06-22 | B57: =COUNTIFS(Signals!$A:$A,$A57,Signals!$N:$N,"YES")+COUNTIFS(Signals!$A:$A,$A57,Signals!$N:$N,"NO") | C57: =IFERROR(COUNTIFS(Signals!$A:$A,$A57,Signals!$E:$E,">=0.40",Signals!$E:$E,"<0.50",Signals!$N:$N,"YES")/(COUNTIFS(Signals!$A:$A,$A57,Signals!$E:$E,">=0.40",Signals!$E:$E,"<0.50",Signals!$N:$N,"YES")+COUNTIFS(Signals!$A:$A,$A57,Signals!$E:$E,">=0.40",Signals!$E:$E,"<0.50",Signals!$N:$N,"NO")),"") | D57: =COUNTIFS(Signals!$A:$A,$A57,Signals!$E:$E,">=0.40",Signals!$E:$E,"<0.50",Signals!$N:$N,"YES")+COUNTIFS(Signals!$A:$A,$A57,Signals!$E:$E,">=0.40",Signals!$E:$E,"<0.50",Signals!$N:$N,"NO") | E57: =IFERROR(COUNTIFS(Signals!$A:$A,$A57,Signals!$E:$E,">=0.50",Signals!$E:$E,"<0.60",Signals!$N:$N,"YES")/(COUNTIFS(Signals!$A:$A,$A57,Signals!$E:$E,">=0.50",Signals!$E:$E,"<0.60",Signals!$N:$N,"YES")+COUNTIFS(Signals!$A:$A,$A57,Signals!$E:$E,">=0.50",Signals!$E:$E,"<0.60",Signals!$N:$N,"NO")),"") | F57: =COUNTIFS(Signals!$A:$A,$A57,Signals!$E:$E,">=0.50",Signals!$E:$E,"<0.60",Signals!$N:$N,"YES")+COUNTIFS(Signals!$A:$A,$A57,Signals!$E:$E,">=0.50",Signals!$E:$E,"<0.60",Signals!$N:$N,"NO") | G57: =IFERROR(COUNTIFS(Signals!$A:$A,$A57,Signals!$E:$E,">=0.60",Signals!$E:$E,"<0.70",Signals!$N:$N,"YES")/(COUNTIFS(Signals!$A:$A,$A57,Signals!$E:$E,">=0.60",Signals!$E:$E,"<0.70",Signals!$N:$N,"YES")+COUNTIFS(Signals!$A:$A,$A57,Signals!$E:$E,">=0.60",Signals!$E:$E,"<0.70",Signals!$N:$N,"NO")),"") | H57: =COUNTIFS(Signals!$A:$A,$A57,Signals!$E:$E,">=0.60",Signals!$E:$E,"<0.70",Signals!$N:$N,"YES")+COUNTIFS(Signals!$A:$A,$A57,Signals!$E:$E,">=0.60",Signals!$E:$E,"<0.70",Signals!$N:$N,"NO") | I57: =IF(B57=0,"insufficient data",IF(AND(E57>C57,E57>G57),"✓ YES","NO"))
A58: 2026-06-23 | B58: =COUNTIFS(Signals!$A:$A,$A58,Signals!$N:$N,"YES")+COUNTIFS(Signals!$A:$A,$A58,Signals!$N:$N,"NO") | C58: =IFERROR(COUNTIFS(Signals!$A:$A,$A58,Signals!$E:$E,">=0.40",Signals!$E:$E,"<0.50",Signals!$N:$N,"YES")/(COUNTIFS(Signals!$A:$A,$A58,Signals!$E:$E,">=0.40",Signals!$E:$E,"<0.50",Signals!$N:$N,"YES")+COUNTIFS(Signals!$A:$A,$A58,Signals!$E:$E,">=0.40",Signals!$E:$E,"<0.50",Signals!$N:$N,"NO")),"") | D58: =COUNTIFS(Signals!$A:$A,$A58,Signals!$E:$E,">=0.40",Signals!$E:$E,"<0.50",Signals!$N:$N,"YES")+COUNTIFS(Signals!$A:$A,$A58,Signals!$E:$E,">=0.40",Signals!$E:$E,"<0.50",Signals!$N:$N,"NO") | E58: =IFERROR(COUNTIFS(Signals!$A:$A,$A58,Signals!$E:$E,">=0.50",Signals!$E:$E,"<0.60",Signals!$N:$N,"YES")/(COUNTIFS(Signals!$A:$A,$A58,Signals!$E:$E,">=0.50",Signals!$E:$E,"<0.60",Signals!$N:$N,"YES")+COUNTIFS(Signals!$A:$A,$A58,Signals!$E:$E,">=0.50",Signals!$E:$E,"<0.60",Signals!$N:$N,"NO")),"") | F58: =COUNTIFS(Signals!$A:$A,$A58,Signals!$E:$E,">=0.50",Signals!$E:$E,"<0.60",Signals!$N:$N,"YES")+COUNTIFS(Signals!$A:$A,$A58,Signals!$E:$E,">=0.50",Signals!$E:$E,"<0.60",Signals!$N:$N,"NO") | G58: =IFERROR(COUNTIFS(Signals!$A:$A,$A58,Signals!$E:$E,">=0.60",Signals!$E:$E,"<0.70",Signals!$N:$N,"YES")/(COUNTIFS(Signals!$A:$A,$A58,Signals!$E:$E,">=0.60",Signals!$E:$E,"<0.70",Signals!$N:$N,"YES")+COUNTIFS(Signals!$A:$A,$A58,Signals!$E:$E,">=0.60",Signals!$E:$E,"<0.70",Signals!$N:$N,"NO")),"") | H58: =COUNTIFS(Signals!$A:$A,$A58,Signals!$E:$E,">=0.60",Signals!$E:$E,"<0.70",Signals!$N:$N,"YES")+COUNTIFS(Signals!$A:$A,$A58,Signals!$E:$E,">=0.60",Signals!$E:$E,"<0.70",Signals!$N:$N,"NO") | I58: =IF(B58=0,"insufficient data",IF(AND(E58>C58,E58>G58),"✓ YES","NO"))
A59: 2026-06-24 | B59: =COUNTIFS(Signals!$A:$A,$A59,Signals!$N:$N,"YES")+COUNTIFS(Signals!$A:$A,$A59,Signals!$N:$N,"NO") | C59: =IFERROR(COUNTIFS(Signals!$A:$A,$A59,Signals!$E:$E,">=0.40",Signals!$E:$E,"<0.50",Signals!$N:$N,"YES")/(COUNTIFS(Signals!$A:$A,$A59,Signals!$E:$E,">=0.40",Signals!$E:$E,"<0.50",Signals!$N:$N,"YES")+COUNTIFS(Signals!$A:$A,$A59,Signals!$E:$E,">=0.40",Signals!$E:$E,"<0.50",Signals!$N:$N,"NO")),"") | D59: =COUNTIFS(Signals!$A:$A,$A59,Signals!$E:$E,">=0.40",Signals!$E:$E,"<0.50",Signals!$N:$N,"YES")+COUNTIFS(Signals!$A:$A,$A59,Signals!$E:$E,">=0.40",Signals!$E:$E,"<0.50",Signals!$N:$N,"NO") | E59: =IFERROR(COUNTIFS(Signals!$A:$A,$A59,Signals!$E:$E,">=0.50",Signals!$E:$E,"<0.60",Signals!$N:$N,"YES")/(COUNTIFS(Signals!$A:$A,$A59,Signals!$E:$E,">=0.50",Signals!$E:$E,"<0.60",Signals!$N:$N,"YES")+COUNTIFS(Signals!$A:$A,$A59,Signals!$E:$E,">=0.50",Signals!$E:$E,"<0.60",Signals!$N:$N,"NO")),"") | F59: =COUNTIFS(Signals!$A:$A,$A59,Signals!$E:$E,">=0.50",Signals!$E:$E,"<0.60",Signals!$N:$N,"YES")+COUNTIFS(Signals!$A:$A,$A59,Signals!$E:$E,">=0.50",Signals!$E:$E,"<0.60",Signals!$N:$N,"NO") | G59: =IFERROR(COUNTIFS(Signals!$A:$A,$A59,Signals!$E:$E,">=0.60",Signals!$E:$E,"<0.70",Signals!$N:$N,"YES")/(COUNTIFS(Signals!$A:$A,$A59,Signals!$E:$E,">=0.60",Signals!$E:$E,"<0.70",Signals!$N:$N,"YES")+COUNTIFS(Signals!$A:$A,$A59,Signals!$E:$E,">=0.60",Signals!$E:$E,"<0.70",Signals!$N:$N,"NO")),"") | H59: =COUNTIFS(Signals!$A:$A,$A59,Signals!$E:$E,">=0.60",Signals!$E:$E,"<0.70",Signals!$N:$N,"YES")+COUNTIFS(Signals!$A:$A,$A59,Signals!$E:$E,">=0.60",Signals!$E:$E,"<0.70",Signals!$N:$N,"NO") | I59: =IF(B59=0,"insufficient data",IF(AND(E59>C59,E59>G59),"✓ YES","NO"))
A60: 2026-06-25 | B60: =COUNTIFS(Signals!$A:$A,$A60,Signals!$N:$N,"YES")+COUNTIFS(Signals!$A:$A,$A60,Signals!$N:$N,"NO") | C60: =IFERROR(COUNTIFS(Signals!$A:$A,$A60,Signals!$E:$E,">=0.40",Signals!$E:$E,"<0.50",Signals!$N:$N,"YES")/(COUNTIFS(Signals!$A:$A,$A60,Signals!$E:$E,">=0.40",Signals!$E:$E,"<0.50",Signals!$N:$N,"YES")+COUNTIFS(Signals!$A:$A,$A60,Signals!$E:$E,">=0.40",Signals!$E:$E,"<0.50",Signals!$N:$N,"NO")),"") | D60: =COUNTIFS(Signals!$A:$A,$A60,Signals!$E:$E,">=0.40",Signals!$E:$E,"<0.50",Signals!$N:$N,"YES")+COUNTIFS(Signals!$A:$A,$A60,Signals!$E:$E,">=0.40",Signals!$E:$E,"<0.50",Signals!$N:$N,"NO") | E60: =IFERROR(COUNTIFS(Signals!$A:$A,$A60,Signals!$E:$E,">=0.50",Signals!$E:$E,"<0.60",Signals!$N:$N,"YES")/(COUNTIFS(Signals!$A:$A,$A60,Signals!$E:$E,">=0.50",Signals!$E:$E,"<0.60",Signals!$N:$N,"YES")+COUNTIFS(Signals!$A:$A,$A60,Signals!$E:$E,">=0.50",Signals!$E:$E,"<0.60",Signals!$N:$N,"NO")),"") | F60: =COUNTIFS(Signals!$A:$A,$A60,Signals!$E:$E,">=0.50",Signals!$E:$E,"<0.60",Signals!$N:$N,"YES")+COUNTIFS(Signals!$A:$A,$A60,Signals!$E:$E,">=0.50",Signals!$E:$E,"<0.60",Signals!$N:$N,"NO") | G60: =IFERROR(COUNTIFS(Signals!$A:$A,$A60,Signals!$E:$E,">=0.60",Signals!$E:$E,"<0.70",Signals!$N:$N,"YES")/(COUNTIFS(Signals!$A:$A,$A60,Signals!$E:$E,">=0.60",Signals!$E:$E,"<0.70",Signals!$N:$N,"YES")+COUNTIFS(Signals!$A:$A,$A60,Signals!$E:$E,">=0.60",Signals!$E:$E,"<0.70",Signals!$N:$N,"NO")),"") | H60: =COUNTIFS(Signals!$A:$A,$A60,Signals!$E:$E,">=0.60",Signals!$E:$E,"<0.70",Signals!$N:$N,"YES")+COUNTIFS(Signals!$A:$A,$A60,Signals!$E:$E,">=0.60",Signals!$E:$E,"<0.70",Signals!$N:$N,"NO") | I60: =IF(B60=0,"insufficient data",IF(AND(E60>C60,E60>G60),"✓ YES","NO"))
A61: 2026-06-26 | B61: =COUNTIFS(Signals!$A:$A,$A61,Signals!$N:$N,"YES")+COUNTIFS(Signals!$A:$A,$A61,Signals!$N:$N,"NO") | C61: =IFERROR(COUNTIFS(Signals!$A:$A,$A61,Signals!$E:$E,">=0.40",Signals!$E:$E,"<0.50",Signals!$N:$N,"YES")/(COUNTIFS(Signals!$A:$A,$A61,Signals!$E:$E,">=0.40",Signals!$E:$E,"<0.50",Signals!$N:$N,"YES")+COUNTIFS(Signals!$A:$A,$A61,Signals!$E:$E,">=0.40",Signals!$E:$E,"<0.50",Signals!$N:$N,"NO")),"") | D61: =COUNTIFS(Signals!$A:$A,$A61,Signals!$E:$E,">=0.40",Signals!$E:$E,"<0.50",Signals!$N:$N,"YES")+COUNTIFS(Signals!$A:$A,$A61,Signals!$E:$E,">=0.40",Signals!$E:$E,"<0.50",Signals!$N:$N,"NO") | E61: =IFERROR(COUNTIFS(Signals!$A:$A,$A61,Signals!$E:$E,">=0.50",Signals!$E:$E,"<0.60",Signals!$N:$N,"YES")/(COUNTIFS(Signals!$A:$A,$A61,Signals!$E:$E,">=0.50",Signals!$E:$E,"<0.60",Signals!$N:$N,"YES")+COUNTIFS(Signals!$A:$A,$A61,Signals!$E:$E,">=0.50",Signals!$E:$E,"<0.60",Signals!$N:$N,"NO")),"") | F61: =COUNTIFS(Signals!$A:$A,$A61,Signals!$E:$E,">=0.50",Signals!$E:$E,"<0.60",Signals!$N:$N,"YES")+COUNTIFS(Signals!$A:$A,$A61,Signals!$E:$E,">=0.50",Signals!$E:$E,"<0.60",Signals!$N:$N,"NO") | G61: =IFERROR(COUNTIFS(Signals!$A:$A,$A61,Signals!$E:$E,">=0.60",Signals!$E:$E,"<0.70",Signals!$N:$N,"YES")/(COUNTIFS(Signals!$A:$A,$A61,Signals!$E:$E,">=0.60",Signals!$E:$E,"<0.70",Signals!$N:$N,"YES")+COUNTIFS(Signals!$A:$A,$A61,Signals!$E:$E,">=0.60",Signals!$E:$E,"<0.70",Signals!$N:$N,"NO")),"") | H61: =COUNTIFS(Signals!$A:$A,$A61,Signals!$E:$E,">=0.60",Signals!$E:$E,"<0.70",Signals!$N:$N,"YES")+COUNTIFS(Signals!$A:$A,$A61,Signals!$E:$E,">=0.60",Signals!$E:$E,"<0.70",Signals!$N:$N,"NO") | I61: =IF(B61=0,"insufficient data",IF(AND(E61>C61,E61>G61),"✓ YES","NO"))
A62: 2026-06-29 | B62: =COUNTIFS(Signals!$A:$A,$A62,Signals!$N:$N,"YES")+COUNTIFS(Signals!$A:$A,$A62,Signals!$N:$N,"NO") | C62: =IFERROR(COUNTIFS(Signals!$A:$A,$A62,Signals!$E:$E,">=0.40",Signals!$E:$E,"<0.50",Signals!$N:$N,"YES")/(COUNTIFS(Signals!$A:$A,$A62,Signals!$E:$E,">=0.40",Signals!$E:$E,"<0.50",Signals!$N:$N,"YES")+COUNTIFS(Signals!$A:$A,$A62,Signals!$E:$E,">=0.40",Signals!$E:$E,"<0.50",Signals!$N:$N,"NO")),"") | D62: =COUNTIFS(Signals!$A:$A,$A62,Signals!$E:$E,">=0.40",Signals!$E:$E,"<0.50",Signals!$N:$N,"YES")+COUNTIFS(Signals!$A:$A,$A62,Signals!$E:$E,">=0.40",Signals!$E:$E,"<0.50",Signals!$N:$N,"NO") | E62: =IFERROR(COUNTIFS(Signals!$A:$A,$A62,Signals!$E:$E,">=0.50",Signals!$E:$E,"<0.60",Signals!$N:$N,"YES")/(COUNTIFS(Signals!$A:$A,$A62,Signals!$E:$E,">=0.50",Signals!$E:$E,"<0.60",Signals!$N:$N,"YES")+COUNTIFS(Signals!$A:$A,$A62,Signals!$E:$E,">=0.50",Signals!$E:$E,"<0.60",Signals!$N:$N,"NO")),"") | F62: =COUNTIFS(Signals!$A:$A,$A62,Signals!$E:$E,">=0.50",Signals!$E:$E,"<0.60",Signals!$N:$N,"YES")+COUNTIFS(Signals!$A:$A,$A62,Signals!$E:$E,">=0.50",Signals!$E:$E,"<0.60",Signals!$N:$N,"NO") | G62: =IFERROR(COUNTIFS(Signals!$A:$A,$A62,Signals!$E:$E,">=0.60",Signals!$E:$E,"<0.70",Signals!$N:$N,"YES")/(COUNTIFS(Signals!$A:$A,$A62,Signals!$E:$E,">=0.60",Signals!$E:$E,"<0.70",Signals!$N:$N,"YES")+COUNTIFS(Signals!$A:$A,$A62,Signals!$E:$E,">=0.60",Signals!$E:$E,"<0.70",Signals!$N:$N,"NO")),"") | H62: =COUNTIFS(Signals!$A:$A,$A62,Signals!$E:$E,">=0.60",Signals!$E:$E,"<0.70",Signals!$N:$N,"YES")+COUNTIFS(Signals!$A:$A,$A62,Signals!$E:$E,">=0.60",Signals!$E:$E,"<0.70",Signals!$N:$N,"NO") | I62: =IF(B62=0,"insufficient data",IF(AND(E62>C62,E62>G62),"✓ YES","NO"))
A63: 2026-06-30 | B63: =COUNTIFS(Signals!$A:$A,$A63,Signals!$N:$N,"YES")+COUNTIFS(Signals!$A:$A,$A63,Signals!$N:$N,"NO") | C63: =IFERROR(COUNTIFS(Signals!$A:$A,$A63,Signals!$E:$E,">=0.40",Signals!$E:$E,"<0.50",Signals!$N:$N,"YES")/(COUNTIFS(Signals!$A:$A,$A63,Signals!$E:$E,">=0.40",Signals!$E:$E,"<0.50",Signals!$N:$N,"YES")+COUNTIFS(Signals!$A:$A,$A63,Signals!$E:$E,">=0.40",Signals!$E:$E,"<0.50",Signals!$N:$N,"NO")),"") | D63: =COUNTIFS(Signals!$A:$A,$A63,Signals!$E:$E,">=0.40",Signals!$E:$E,"<0.50",Signals!$N:$N,"YES")+COUNTIFS(Signals!$A:$A,$A63,Signals!$E:$E,">=0.40",Signals!$E:$E,"<0.50",Signals!$N:$N,"NO") | E63: =IFERROR(COUNTIFS(Signals!$A:$A,$A63,Signals!$E:$E,">=0.50",Signals!$E:$E,"<0.60",Signals!$N:$N,"YES")/(COUNTIFS(Signals!$A:$A,$A63,Signals!$E:$E,">=0.50",Signals!$E:$E,"<0.60",Signals!$N:$N,"YES")+COUNTIFS(Signals!$A:$A,$A63,Signals!$E:$E,">=0.50",Signals!$E:$E,"<0.60",Signals!$N:$N,"NO")),"") | F63: =COUNTIFS(Signals!$A:$A,$A63,Signals!$E:$E,">=0.50",Signals!$E:$E,"<0.60",Signals!$N:$N,"YES")+COUNTIFS(Signals!$A:$A,$A63,Signals!$E:$E,">=0.50",Signals!$E:$E,"<0.60",Signals!$N:$N,"NO") | G63: =IFERROR(COUNTIFS(Signals!$A:$A,$A63,Signals!$E:$E,">=0.60",Signals!$E:$E,"<0.70",Signals!$N:$N,"YES")/(COUNTIFS(Signals!$A:$A,$A63,Signals!$E:$E,">=0.60",Signals!$E:$E,"<0.70",Signals!$N:$N,"YES")+COUNTIFS(Signals!$A:$A,$A63,Signals!$E:$E,">=0.60",Signals!$E:$E,"<0.70",Signals!$N:$N,"NO")),"") | H63: =COUNTIFS(Signals!$A:$A,$A63,Signals!$E:$E,">=0.60",Signals!$E:$E,"<0.70",Signals!$N:$N,"YES")+COUNTIFS(Signals!$A:$A,$A63,Signals!$E:$E,">=0.60",Signals!$E:$E,"<0.70",Signals!$N:$N,"NO") | I63: =IF(B63=0,"insufficient data",IF(AND(E63>C63,E63>G63),"✓ YES","NO"))
A64: 2026-07-01 | B64: =COUNTIFS(Signals!$A:$A,$A64,Signals!$N:$N,"YES")+COUNTIFS(Signals!$A:$A,$A64,Signals!$N:$N,"NO") | C64: =IFERROR(COUNTIFS(Signals!$A:$A,$A64,Signals!$E:$E,">=0.40",Signals!$E:$E,"<0.50",Signals!$N:$N,"YES")/(COUNTIFS(Signals!$A:$A,$A64,Signals!$E:$E,">=0.40",Signals!$E:$E,"<0.50",Signals!$N:$N,"YES")+COUNTIFS(Signals!$A:$A,$A64,Signals!$E:$E,">=0.40",Signals!$E:$E,"<0.50",Signals!$N:$N,"NO")),"") | D64: =COUNTIFS(Signals!$A:$A,$A64,Signals!$E:$E,">=0.40",Signals!$E:$E,"<0.50",Signals!$N:$N,"YES")+COUNTIFS(Signals!$A:$A,$A64,Signals!$E:$E,">=0.40",Signals!$E:$E,"<0.50",Signals!$N:$N,"NO") | E64: =IFERROR(COUNTIFS(Signals!$A:$A,$A64,Signals!$E:$E,">=0.50",Signals!$E:$E,"<0.60",Signals!$N:$N,"YES")/(COUNTIFS(Signals!$A:$A,$A64,Signals!$E:$E,">=0.50",Signals!$E:$E,"<0.60",Signals!$N:$N,"YES")+COUNTIFS(Signals!$A:$A,$A64,Signals!$E:$E,">=0.50",Signals!$E:$E,"<0.60",Signals!$N:$N,"NO")),"") | F64: =COUNTIFS(Signals!$A:$A,$A64,Signals!$E:$E,">=0.50",Signals!$E:$E,"<0.60",Signals!$N:$N,"YES")+COUNTIFS(Signals!$A:$A,$A64,Signals!$E:$E,">=0.50",Signals!$E:$E,"<0.60",Signals!$N:$N,"NO") | G64: =IFERROR(COUNTIFS(Signals!$A:$A,$A64,Signals!$E:$E,">=0.60",Signals!$E:$E,"<0.70",Signals!$N:$N,"YES")/(COUNTIFS(Signals!$A:$A,$A64,Signals!$E:$E,">=0.60",Signals!$E:$E,"<0.70",Signals!$N:$N,"YES")+COUNTIFS(Signals!$A:$A,$A64,Signals!$E:$E,">=0.60",Signals!$E:$E,"<0.70",Signals!$N:$N,"NO")),"") | H64: =COUNTIFS(Signals!$A:$A,$A64,Signals!$E:$E,">=0.60",Signals!$E:$E,"<0.70",Signals!$N:$N,"YES")+COUNTIFS(Signals!$A:$A,$A64,Signals!$E:$E,">=0.60",Signals!$E:$E,"<0.70",Signals!$N:$N,"NO") | I64: =IF(B64=0,"insufficient data",IF(AND(E64>C64,E64>G64),"✓ YES","NO"))
... A92: 2026-08-11 | B92: =COUNTIFS(Signals!$A:$A,$A92,Signals!$N:$N,"YES")+COUNTIFS(Signals!$A:$A,$A92,Signals!$N:$N,"NO") | C92: =IFERROR(COUNTIFS(Signals!$A:$A,$A92,Signals!$E:$E,">=0.40",Signals!$E:$E,"<0.50",Signals!$N:$N,"YES")/(COUNTIFS(Signals!$A:$A,$A92,Signals!$E:$E,">=0.40",Signals!$E:$E,"<0.50",Signals!$N:$N,"YES")+COUNTIFS(Signals!$A:$A,$A92,Signals!$E:$E,">=0.40",Signals!$E:$E,"<0.50",Signals!$N:$N,"NO")),"") | D92: =COUNTIFS(Signals!$A:$A,$A92,Signals!$E:$E,">=0.40",Signals!$E:$E,"<0.50",Signals!$N:$N,"YES")+COUNTIFS(Signals!$A:$A,$A92,Signals!$E:$E,">=0.40",Signals!$E:$E,"<0.50",Signals!$N:$N,"NO") | E92: =IFERROR(COUNTIFS(Signals!$A:$A,$A92,Signals!$E:$E,">=0.50",Signals!$E:$E,"<0.60",Signals!$N:$N,"YES")/(COUNTIFS(Signals!$A:$A,$A92,Signals!$E:$E,">=0.50",Signals!$E:$E,"<0.60",Signals!$N:$N,"YES")+COUNTIFS(Signals!$A:$A,$A92,Signals!$E:$E,">=0.50",Signals!$E:$E,"<0.60",Signals!$N:$N,"NO")),"") | F92: =COUNTIFS(Signals!$A:$A,$A92,Signals!$E:$E,">=0.50",Signals!$E:$E,"<0.60",Signals!$N:$N,"YES")+COUNTIFS(Signals!$A:$A,$A92,Signals!$E:$E,">=0.50",Signals!$E:$E,"<0.60",Signals!$N:$N,"NO") | G92: =IFERROR(COUNTIFS(Signals!$A:$A,$A92,Signals!$E:$E,">=0.60",Signals!$E:$E,"<0.70",Signals!$N:$N,"YES")/(COUNTIFS(Signals!$A:$A,$A92,Signals!$E:$E,">=0.60",Signals!$E:$E,"<0.70",Signals!$N:$N,"YES")+COUNTIFS(Signals!$A:$A,$A92,Signals!$E:$E,">=0.60",Signals!$E:$E,"<0.70",Signals!$N:$N,"NO")),"") | H92: =COUNTIFS(Signals!$A:$A,$A92,Signals!$E:$E,">=0.60",Signals!$E:$E,"<0.70",Signals!$N:$N,"YES")+COUNTIFS(Signals!$A:$A,$A92,Signals!$E:$E,">=0.60",Signals!$E:$E,"<0.70",Signals!$N:$N,"NO") | I92: =IF(B92=0,"insufficient data",IF(AND(E92>C92,E92>G92),"✓ YES","NO"))
A94: ACROSS PHASE 3-A COHORTS | B94: =SUM(B53:B92) | I94: =COUNTIF(I53:I92,"✓ YES") & " of " & (COUNTIF(I53:I92,"✓ YES")+COUNTIF(I53:I92,"NO")) & " hold (cohorts w/ +5d data)"
A96: • Phase 3-A cohorts auto-populate as you paste signals and fill +5d prices. Same GO/NO-GO: 50-59% should lead. Section 1 (Phase 2) above is frozen/certified.

Sheet How to Use
A1: How to Use This Tracker
A3: Goal | B3: Determine whether Claude's signals have predictive value before advancing to Phase 3 (paper trading).
A5: Workflow
A6: 1. Daily | B6: Run bot, run analyzer. New signals get added manually to the Signals tab.
A7: 2. +5 days later | B7: Look up the actual price for each ticker that day. Enter it in the yellow 'Price +5d' column.
A8: 3. +10 days later | B8: Same — fill in 'Price +10d' column.
A9: 4. +20 days later | B9: Same — fill in 'Price +20d' column.
A10: 5. Watch Dashboard | B10: Returns and hit-rates auto-calculate. Patterns emerge after ~20+ data points.
A12: Color Code
A13: Yellow cells | B13: Manual entry — you fill these in over time.
A14: Gray cells | B14: Auto-calculated formulas — don't edit.
A15: Green YES cell | B15: Claude's signal was directionally correct.
A16: Red NO cell | B16: Claude's signal was directionally wrong.
A18: Hit-Rate Logic
A19: HOLD signal | B19: Counted RIGHT if absolute 5-day return < 3% (i.e., stock stayed flat as predicted).
A20: BUY signal | B20: Counted RIGHT if 5-day return > 0%.
A21: SELL signal | B21: Counted RIGHT if 5-day return < 0%.
A23: Decision Criteria
A24: After 3 weeks of data | B24: Look at Dashboard. Three key tests:
A25: Test 1 | B25: Does hit-rate at 70%+ confidence exceed hit-rate at 40-50% confidence?
A26: Test 2 | B26: Does HIGH data quality outperform MEDIUM/LOW?
A27: Test 3 | B27: Do at least a few BUY/SELL signals appear, not just HOLDs?
A28: If yes to all three | B28: Advance to Phase 3 (paper trading).
A29: If no | B29: Review prompts, news sources, or risk engine thresholds before advancing.
A31: Important
A32: Honest scoring | B32: Don't fudge the 'right/wrong' calls. The whole point is empirical evidence.
A33: Sample size | B33: Don't conclude anything from < 30 outcome data points. Statistical noise dominates.
A34: Phase discipline | B34: Resist changing prompts or thresholds mid-experiment. Tune AFTER you have data.

Sheet Guardrail Trace
A1: Guardrail Compression Trace — cumulative +5d hit rate by confidence band
A2: Auto-generated by guardrail_trace.py · source: Signals tab · as of 2026-06-15. The 50-59% band must lead 60-69%.
A4: Cohort | B4: 50-59 (coh) | C4: 60-69 (coh) | D4: cum 50-59 | E4: cum 60-69 | F4: cum 40-49 | G4: lead gap (pt)
A5: 46160 | B5: 8/14 | C5: 2/4 | D5: 0.57142857 | E5: 0.5 | F5: 0.33333333 | G5: 7.1
A6: 46161 | B6: 5/10 | C6: 1/7 | D6: 0.54166667 | E6: 0.27272727 | F6: 0.38461538 | G6: 26.9
A7: 46162 | B7: 3/7 | C7: 1/3 | D7: 0.51612903 | E7: 0.28571429 | F7: 0.37037037 | G7: 23
A8: 46163 | B8: 5/12 | C8: 2/3 | D8: 0.48837209 | E8: 0.35294118 | F8: 0.36111111 | G8: 13.5
A9: 46164 | B9: 6/12 | C9: 2/4 | D9: 0.49090909 | E9: 0.38095238 | F9: 0.36363636 | G9: 11
A10: 46168 | B10: 9/14 | C10: 2/4 | D10: 0.52173913 | E10: 0.4 | F10: 0.42 | G10: 12.2
A11: 46169 | B11: 11/13 | C11: 4/5 | D11: 0.57317073 | E11: 0.46666667 | F11: 0.44642857 | G11: 10.7
A12: 46170 | B12: 10/13 | C12: 1/2 | D12: 0.6 | E12: 0.46875 | F12: 0.46153846 | G12: 13.1
A13: 46171 | B13: 8/11 | C13: 4/6 | D13: 0.61320755 | E13: 0.5 | F13: 0.43055556 | G13: 11.3
A14: 46174 | B14: 6/8 | C14: 3/6 | D14: 0.62280702 | E14: 0.5 | F14: 0.43589744 | G14: 12.3
A15: 46175 | B15: 3/10 | C15: 2/3 | D15: 0.59677419 | E15: 0.5106383 | F15: 0.43023256 | G15: 8.6
A16: 46176 | B16: 4/11 | C16: 1/5 | D16: 0.57777778 | E16: 0.48076923 | F16: 0.40659341 | G16: 9.7
... A24: 46188 | B24: 6/15 | C24: 3/6 | D24: 0.57575758 | E24: 0.50574713 | F24: 0.45070423 | G24: 7
A26: As of 2026-06-15
A27: 50-59% 57.6% · 60-69% 50.6% · 40-49% 45.1%
A28: lead (50-59 over 60-69): +7.0pt · drift from certified 61.3%: -3.7pt
A29: lead gap, last 3 cohorts: roughly flat (+7.4pt → +7.0pt)
